MEDIA_ID,MEDIA_NAME,CNT,TIME(2019/04/29 12:24:22.727),TIMETICK(f=3117958),FPOGX,FPOGY,FPOGS,FPOGD,FPOGID,FPOGV,BPOGX,BPOGY,BPOGV,CX,CY,CS,USER,LPCX,LPCY,LPD,LPS,LPV,RPCX,RPCY,RPD,RPS,RPV,BKID,BKDUR,BKPMIN,
0,NewMedia,0,0.00000,830433273185,0.00000,0.00000,0.00000,0.00000,1,0,0.73392,0.47104,0,1.54464,0.22381,3,,0.32650,0.24895,17.19118,1.06398,0,0.66429,0.26075,15.37477,1.05598,0,7,0.00000,6,
0,NewMedia,23,0.37793,830434451558,0.79600,0.40083,0.09862,0.27930,2,1,0.75810,0.39947,1,1.54464,0.22381,0,,0.32564,0.24746,22.78575,1.01096,1,0.66238,0.25744,20.43868,1.01207,1,0,0.00000,7,
0,NewMedia,30,0.49288,830434809963,0.74697,0.46128,0.39424,0.09863,3,1,0.71447,0.64440,0,1.54464,0.23238,0,,0.32484,0.25005,18.43718,1.04763,0,0.66145,0.26141,16.76332,1.04037,0,8,0.00000,7,
0,NewMedia,74,1.21569,830437063671,0.75146,0.47446,0.80496,0.41073,4,1,0.75895,0.44797,1,1.04643,0.47429,0,,0.32398,0.24652,22.92784,1.02665,1,0.65990,0.26464,20.18242,1.01939,1,0,0.00000,8,
0,NewMedia,93,1.52783,830438036893,0.74399,0.39272,1.23242,0.29541,5,1,0.70648,0.51267,0,1.15536,0.33714,0,,0.32196,0.25039,20.55683,1.01096,0,0.65823,0.26681,18.87049,1.00371,0,9,0.00000,8,
0,NewMedia,141,2.31773,830440499769,0.65035,1.02212,2.08646,0.23127,6,1,0.58549,0.54447,1,0.55476,0.45905,0,,0.31906,0.24592,18.69666,1.01430,1,0.65345,0.26394,18.08386,1.01096,1,0,0.00000,9,
0,NewMedia,155,2.54665,830441213553,0.56211,0.33038,2.38206,0.16459,7,1,0.55689,0.33240,0,0.55774,0.39238,0,,0.31711,0.24420,22.86397,1.02665,0,0.65426,0.26084,20.58312,1.02332,0,10,0.00000,9,
0,NewMedia,206,3.38429,830443825266,0.56045,0.31783,2.80937,0.57492,8,1,0.69149,0.38646,1,0.49762,0.41429,0,,0.32292,0.24763,19.84987,1.03673,1,0.65929,0.26596,17.57872,1.02947,1,0,0.00000,10,
0,NewMedia,232,3.81146,830445157151,0.70785,0.41884,3.44992,0.36154,9,1,0.72248,0.45630,1,0.45476,0.42095,0,,0.32310,0.24932,21.38026,1.03598,1,0.65998,0.26814,18.40948,1.02798,1,0,0.00000,10,
0,NewMedia,284,4.66565,830447820501,0.74257,0.47197,3.82783,0.83782,10,1,0.77962,0.49284,1,0.29167,0.50000,0,,0.32538,0.24693,22.34207,0.99430,1,0.66257,0.26620,19.49060,0.99116,1,0,0.00000,10,
0,NewMedia,299,4.91218,830448589160,0.80222,1.72289,4.78064,0.13154,11,1,0.80796,1.86440,0,0.29167,0.50000,0,,0.33231,0.30124,15.28837,0.97480,1,0.65956,0.31852,13.88143,0.96406,1,0,0.00000,10,
0,NewMedia,328,5.38849,830450074261,0.67644,0.69863,5.17503,0.21345,12,1,0.57677,0.77592,1,0.29167,0.50000,0,,0.33671,0.31864,15.70218,0.87056,1,0.66127,0.33349,16.58896,0.85900,1,0,0.00000,10,
0,NewMedia,332,5.45426,830450279342,0.60575,0.78304,5.40502,0.04924,13,1,0.57542,0.81864,1,0.29167,0.50000,0,,0.33499,0.32213,15.32631,0.73795,1,0.65761,0.33667,16.88608,0.68209,1,0,0.00000,10,
0,NewMedia,336,5.51989,830450483972,0.46055,0.85705,5.47062,0.04927,14,1,0.82400,0.71407,1,0.29167,0.50000,0,,0.33328,0.32237,16.22598,0.81769,1,0.65540,0.33752,17.46161,0.79977,1,0,0.00000,10,
0,NewMedia,419,6.89146,830454760464,0.71758,0.37932,6.57151,0.31995,15,1,0.68629,0.36160,1,0.29167,0.50000,0,,0.32427,0.24579,21.97997,0.99861,1,0.65980,0.26442,19.92647,0.99528,1,0,0.00000,11,
0,NewMedia,432,7.09707,830455401563,0.50476,0.36474,6.90215,0.19492,16,1,0.37300,0.35784,1,0.29167,0.50000,0,,0.31338,0.24721,19.91557,1.04443,1,0.64943,0.26649,19.75697,1.04554,1,0,0.00000,11,
0,NewMedia,451,7.40923,830456374870,0.32607,0.40999,7.16286,0.24637,17,1,0.27218,0.36395,1,0.29167,0.50000,0,,0.30934,0.24650,19.83646,1.04887,1,0.64562,0.26740,19.50594,1.04554,1,0,0.00000,11,
0,NewMedia,465,7.63926,830457092075,0.38667,0.43688,7.42565,0.21361,18,1,0.70311,0.53800,1,0.29167,0.50000,0,,0.32583,0.25296,21.09086,1.02665,1,0.66174,0.26787,18.74070,1.02332,1,0,0.00000,11,
0,NewMedia,482,7.91862,830457963109,0.67379,0.54559,7.70497,0.21364,19,1,0.64651,0.58606,0,0.29167,0.50000,0,,0.32612,0.25392,19.75524,1.03355,0,0.66371,0.26744,18.22889,1.02630,0,12,0.00000,11,
0,NewMedia,510,8.37856,830459397178,0.73052,0.22119,8.18143,0.19712,20,1,0.78089,0.08526,1,0.95952,0.00286,0,,0.32806,0.23821,21.22827,1.02665,1,0.66341,0.25423,19.70938,1.02332,1,0,0.00000,12,
0,NewMedia,529,8.69066,830460370312,0.88276,0.20903,8.49371,0.19695,21,1,0.73337,0.61870,1,1.20119,0.00000,0,,0.32769,0.25808,21.74358,0.98961,1,0.66282,0.27549,19.22478,0.98628,1,0,0.00000,12,
0,NewMedia,546,8.96993,830461241067,0.77288,0.71153,8.75648,0.21346,22,1,0.82672,1.01519,1,1.37202,0.05048,0,,0.33086,0.26866,19.85365,1.01841,1,0.66574,0.28726,19.39678,1.01508,1,0,0.00000,12,
0,NewMedia,582,9.56628,830463100452,0.80646,1.01786,9.03570,0.53058,23,1,0.80277,1.33270,0,1.37143,0.00857,0,,0.32776,0.27445,11.19239,0.96626,0,0.66418,0.29352,16.01804,0.96312,0,13,0.00000,12,
0,NewMedia,612,10.05428,830464622004,0.66494,0.34047,9.82430,0.22997,24,1,0.65854,0.40357,1,1.37619,0.00000,0,,0.31955,0.24804,23.83485,1.00253,1,0.65645,0.27237,20.55827,0.99920,1,0,0.00000,13,
0,NewMedia,633,10.39930,830465697756,0.66357,0.41606,10.07067,0.32862,25,1,0.73550,0.95610,1,1.36905,0.01048,0,,0.32622,0.26528,21.81581,1.03598,1,0.66005,0.28952,19.33473,1.03265,1,0,0.00000,13,
0,NewMedia,668,10.97428,830467490544,0.80654,1.02236,10.46510,0.50919,26,1,0.82215,1.06543,1,1.36845,0.00000,0,,0.32803,0.27117,18.25135,1.01861,1,0.66397,0.29000,20.69837,1.01939,1,0,0.00000,13,
0,NewMedia,701,11.51640,830469180846,0.44697,0.81449,11.38591,0.13049,27,1,0.55967,0.45472,1,1.36845,0.00000,0,,0.31844,0.25071,22.90350,1.02665,1,0.65344,0.27032,22.12142,1.02332,1,0,0.00000,14,
0,NewMedia,724,11.89427,830470359010,0.59228,0.35260,11.58219,0.31208,28,1,0.63217,0.36295,1,1.50833,0.00286,0,,0.32055,0.25277,22.66544,1.03598,1,0.65754,0.27177,19.57768,1.02798,1,0,0.00000,14,
0,NewMedia,747,12.27249,830471538305,0.66354,0.40176,11.91050,0.36200,29,1,0.67398,0.47152,0,1.51667,0.01524,0,,0.32284,0.25473,17.85804,1.02665,0,0.65924,0.27320,17.65749,1.02332,0,15,0.00000,14,
0,NewMedia,779,12.80334,830473193459,0.60599,0.35803,12.53534,0.26799,30,1,0.59587,0.41205,1,1.05417,0.14476,0,,0.31993,0.25447,22.58878,1.03355,1,0.65710,0.27329,19.66850,1.02630,1,0,0.00000,15,
0,NewMedia,793,13.02774,830473893125,0.73751,0.33694,12.81421,0.21353,31,1,0.85821,0.24816,1,0.87560,0.13714,0,,0.32956,0.24663,21.61588,1.01881,1,0.66494,0.26632,19.48703,1.01155,1,0,0.00000,15,
0,NewMedia,839,13.78357,830476249783,0.87770,0.34445,13.09345,0.69012,32,1,0.84279,0.39199,1,0.65595,0.13429,0,,0.33078,0.24932,19.58877,0.98383,1,0.66643,0.26879,18.07879,0.97190,1,0,0.00000,15,
0,NewMedia,879,14.44075,830478298832,0.81332,0.32997,13.84921,0.59154,33,1,0.81109,0.29979,1,0.63690,0.06286,0,,0.32877,0.24654,22.17439,0.98685,1,0.66472,0.26601,19.87148,0.98371,1,0,0.00000,15,
0,NewMedia,900,14.78567,830479374291,0.79776,0.29022,14.45730,0.32837,34,1,0.55004,0.11630,1,0.77738,0.07905,0,,0.31918,0.23554,21.81942,0.99207,1,0.65473,0.25639,19.91349,0.99286,1,0,0.00000,15,
0,NewMedia,917,15.06491,830480244952,0.66804,0.08745,14.85142,0.21349,35,1,0.93338,0.12529,1,0.94524,0.02571,0,,0.33163,0.23906,22.66412,1.04065,1,0.66637,0.25925,20.18608,1.03339,1,0,0.00000,15,
0,NewMedia,934,15.34417,830481115682,0.77167,0.16102,15.13093,0.21324,36,1,0.55446,0.19855,1,0.39940,0.02571,0,,0.31845,0.24418,22.79920,1.02065,1,0.65434,0.26483,19.48092,1.02143,1,0,0.00000,15,
0,NewMedia,950,15.60705,830481935304,0.41046,0.07570,15.40991,0.19714,37,1,0.35985,0.01348,1,0.38810,0.03905,0,,0.31116,0.23794,19.93480,1.02665,1,0.64672,0.25870,18.18275,1.02332,1,0,0.00000,15,
0,NewMedia,973,15.98508,830483114005,0.27613,0.08534,15.67279,0.31229,38,1,0.56478,0.31878,1,0.38810,0.04000,0,,0.31959,0.24900,19.88573,1.01430,1,0.65337,0.26985,17.42240,1.01096,1,0,0.00000,15,
0,NewMedia,999,16.41210,830484445426,0.58048,0.32710,16.05072,0.36138,39,1,0.60521,0.59055,1,0.37500,0.04381,0,,0.31969,0.25698,21.00521,1.04065,1,0.65508,0.27631,17.70568,1.03732,1,0,0.00000,15,
0,NewMedia,1013,16.64225,830485163038,0.28125,1.04786,16.57642,0.06583,40,1,0.03279,1.24538,1,0.37500,0.04381,0,,0.33105,0.31970,14.61737,1.99808,1,0.65478,0.33745,14.26139,2.18474,1,0,0.00000,15,
0,NewMedia,1080,17.74277,830488594397,0.78558,0.18186,17.49659,0.24618,41,1,0.82668,0.08186,1,0.93274,0.00000,0,,0.32933,0.23665,21.86259,0.97454,1,0.66374,0.25768,20.05995,0.96791,1,0,0.00000,16,
0,NewMedia,1085,17.82497,830488850708,0.74784,0.23598,17.75929,0.06568,42,1,0.66895,0.38263,1,0.90000,0.00000,0,,0.32526,0.24895,21.93561,0.97619,1,0.65868,0.27067,19.19904,0.98142,1,0,0.00000,16,
0,NewMedia,1102,18.10426,830489721522,0.51422,0.64248,17.89085,0.21342,43,1,0.69602,0.23751,1,1.34702,0.00000,0,,0.32522,0.24327,21.99247,1.02665,1,0.65912,0.26396,20.01945,1.02332,1,0,0.00000,16,
0,NewMedia,1111,18.25475,830490190741,0.77482,0.14637,18.16985,0.08491,44,1,1.05816,-0.10563,1,1.41012,0.00190,0,,0.33548,0.23283,22.00915,1.01881,1,0.66765,0.25608,20.05391,1.01547,1,0,0.00000,16,
0,NewMedia,1137,18.67927,830491514360,1.24181,-0.23577,18.31759,0.36167,45,1,1.19194,-0.23772,1,1.63155,0.02190,0,,0.33850,0.22946,22.39180,0.91258,1,0.67345,0.24604,17.58893,0.90961,1,0,0.00000,16,
0,NewMedia,1192,19.58272,830494331286,0.56052,0.28468,18.94221,0.64051,46,1,0.56357,0.27242,1,1.63155,0.02190,0,,0.31855,0.24791,22.56847,1.02830,1,0.65372,0.27034,19.58297,1.02496,1,0,0.00000,17,
0,NewMedia,1226,20.14140,830496073239,0.55382,0.28987,19.59919,0.54221,47,1,0.53106,0.37011,1,1.63155,0.02190,0,,0.31822,0.25012,21.69161,1.02477,1,0.65422,0.27048,18.84157,1.02143,1,0,0.00000,17,
0,NewMedia,1258,20.66832,830497716163,0.53333,0.37360,20.15770,0.51063,48,1,0.51229,0.41082,1,1.63155,0.02190,0,,0.31696,0.24724,20.24787,1.01430,1,0.65232,0.27309,17.44784,1.01096,1,0,0.00000,17,
0,NewMedia,1324,21.75124,830501092660,0.53583,0.37965,20.68343,1.06782,49,1,0.54662,0.29653,1,1.63155,0.02190,0,,0.31744,0.25271,17.36431,1.04065,1,0.65406,0.27014,15.56757,1.03732,1,0,0.00000,17,
0,NewMedia,1347,22.12920,830502271118,0.53760,0.34268,21.76852,0.36069,50,1,0.57424,0.37092,1,1.63155,0.02190,0,,0.31817,0.25600,18.92180,1.02665,1,0.65472,0.27225,15.78427,1.02332,1,0,0.00000,17,
0,NewMedia,1444,23.72437,830507244773,0.53101,0.33794,22.14680,1.57756,51,1,0.53193,0.38869,1,1.63155,0.02190,0,,0.31686,0.25507,17.60116,1.02665,1,0.65416,0.27299,16.33467,1.02332,1,0,0.00000,17,
0,NewMedia,1475,24.23201,830508827599,0.54109,0.40632,23.73898,0.49303,52,1,0.51192,0.42502,0,1.63155,0.02190,0,,0.31706,0.25977,13.73458,1.02665,0,0.65448,0.27516,13.83137,1.02332,0,18,0.00000,17,
0,NewMedia,1533,25.18486,830511798517,0.53375,0.35039,24.49472,0.69013,53,1,0.54575,0.29942,1,1.63155,0.02190,0,,0.31668,0.25216,17.24075,1.01971,1,0.65299,0.27086,15.92660,1.01245,1,0,0.00000,18,
0,NewMedia,1579,25.94069,830514155184,0.55287,0.27455,25.20135,0.73934,54,1,0.52563,0.27618,1,1.63155,0.02190,0,,0.31641,0.24937,18.13370,1.04065,1,0.65299,0.26836,16.58795,1.03732,1,0,0.00000,18,
0,NewMedia,1633,26.82769,830516920801,0.55031,0.29739,25.95717,0.87052,55,1,0.62940,0.22721,1,1.63155,0.02190,0,,0.32034,0.24700,18.79383,1.02363,1,0.65610,0.26644,16.62819,1.01563,1,0,0.00000,18,
0,NewMedia,1659,27.25493,830518252913,0.81907,0.08199,26.89418,0.36075,56,1,0.50750,0.35330,1,1.63155,0.02190,0,,0.31806,0.25320,16.46278,1.02273,1,0.65387,0.27229,15.14844,1.01547,1,0,0.00000,18,
0,NewMedia,1676,27.53419,830519123634,0.53434,0.42669,27.32055,0.21363,57,1,0.48762,0.57053,0,1.63155,0.02190,0,,0.31827,0.26383,6.98818,1.07643,0,0.65352,0.27433,11.33425,1.07754,0,19,0.00000,18,
0,NewMedia,1720,28.25711,830521377678,0.52479,0.40445,27.79706,0.46005,58,1,0.51214,0.42719,1,1.63155,0.02190,0,,0.31724,0.25522,16.58297,0.99881,1,0.65403,0.27419,15.11355,0.99959,1,0,0.00000,19,
0,NewMedia,1737,28.53634,830522248309,0.53057,0.38210,28.27345,0.26289,59,1,0.56079,0.32174,1,1.63155,0.02190,0,,0.31714,0.25214,15.83244,1.02665,1,0.65316,0.27204,14.93776,1.02332,1,0,0.00000,19,
0,NewMedia,1842,30.26126,830527626525,0.49405,0.40880,28.55286,1.70840,60,1,0.76723,0.26602,1,1.63155,0.02190,0,,0.32557,0.24928,20.07365,1.02665,1,0.66060,0.26753,17.70864,1.02332,1,0,0.00000,19,
0,NewMedia,1859,30.54061,830528497541,0.80545,0.20100,30.32700,0.21362,61,1,0.80324,0.19749,0,1.63155,0.02190,0,,0.32660,0.24763,17.01625,0.99783,0,0.66234,0.26625,15.57447,0.99449,0,20,0.00000,19,
0,NewMedia,1958,32.16708,830533568787,0.53310,0.37562,30.85274,1.31433,62,1,0.53633,0.30785,1,1.63155,0.02190,0,,0.31155,0.25617,17.52302,1.02830,1,0.64812,0.27106,16.03660,1.02496,1,0,0.00000,20,
0,NewMedia,2009,33.00497,830536181292,0.54670,0.34263,32.18347,0.82150,63,1,0.54012,0.33953,1,1.63155,0.02190,0,,0.31294,0.26155,20.71645,1.00626,1,0.64972,0.27638,18.36930,1.00292,1,0,0.00000,20,
0,NewMedia,2046,33.61274,830538076286,0.53282,0.35175,33.02133,0.59141,64,1,0.51603,0.41911,1,1.63155,0.02190,0,,0.31131,0.26696,17.66807,1.00194,1,0.64791,0.28257,15.65864,1.00273,1,0,0.00000,20,
0,NewMedia,2127,34.94341,830542225274,0.54856,0.35970,33.62923,1.31418,65,1,0.55381,0.24879,1,1.63155,0.02190,0,,0.31042,0.26255,17.37647,1.00312,1,0.64680,0.27721,16.24629,0.99979,1,0,0.00000,20,
0,NewMedia,2188,35.94537,830545349339,0.54066,0.25214,34.95983,0.98553,66,1,0.51018,0.28520,1,1.63155,0.02190,0,,0.30932,0.26324,19.22073,1.02665,1,0.64626,0.27713,17.30863,1.02332,1,0,0.00000,20,
0,NewMedia,2201,36.15914,830546015866,0.39726,0.17956,35.96199,0.19714,67,1,0.22283,0.09128,1,1.63155,0.02190,0,,0.30063,0.25675,18.51594,1.01543,1,0.63605,0.27105,17.63046,1.00743,1,0,0.00000,20,
0,NewMedia,2223,36.52050,830547142585,0.28095,0.12233,36.22487,0.29563,68,1,0.52979,0.39210,1,1.63155,0.02190,0,,0.31160,0.26721,17.07262,0.99430,1,0.64604,0.28162,15.87227,0.99508,1,0,0.00000,20,
0,NewMedia,2239,36.78338,830547962226,0.63459,0.27055,36.58623,0.19715,69,1,0.83586,0.09075,1,1.63155,0.02190,0,,0.32067,0.25731,18.81807,1.02363,1,0.65456,0.27263,16.25025,1.01563,1,0,0.00000,20,
0,NewMedia,2259,37.11197,830548986748,0.79513,0.09345,36.84920,0.26277,70,1,0.62365,0.26263,1,1.63155,0.02190,0,,0.31457,0.26095,16.27016,0.99096,1,0.64947,0.27771,14.42203,0.99175,1,0,0.00000,20,
0,NewMedia,2305,37.86771,830551343117,0.53610,0.39117,37.17772,0.68999,71,1,0.58906,0.38359,1,1.63155,0.02190,0,,0.31270,0.26946,16.70382,1.06398,1,0.64884,0.28496,15.99228,1.05598,1,0,0.00000,20,
0,NewMedia,2376,39.03410,830554979883,0.58214,0.40755,37.88395,1.15015,72,1,0.62024,0.45360,1,1.63155,0.02190,0,,0.31324,0.27072,19.71938,1.01430,1,0.64973,0.28642,17.34298,1.01096,1,0,0.00000,19,
0,NewMedia,2412,39.62557,830556824043,0.58367,0.43862,39.05060,0.57497,73,1,0.52636,0.62935,0,1.63155,0.02190,0,,0.31223,0.27095,11.49852,1.00606,0,0.64980,0.28444,13.68935,1.00273,0,21,0.00000,19,
0,NewMedia,2440,40.08591,830558259379,0.67388,0.24659,39.88856,0.19735,74,1,0.55892,0.39702,1,1.63155,0.02190,0,,0.31124,0.26787,16.91285,1.03998,1,0.64718,0.28497,16.05227,1.03665,1,0,0.00000,20,
0,NewMedia,2504,41.13689,830561536290,0.53995,0.37512,40.15115,0.98574,75,1,0.50911,0.39282,1,1.63155,0.02190,0,,0.31086,0.26741,17.13322,1.01933,1,0.64731,0.28429,15.51380,1.01208,1,0,0.00000,19,
0,NewMedia,2533,41.61342,830563022077,0.54495,0.36158,41.15338,0.46003,76,1,0.51956,0.37844,1,1.63155,0.02190,0,,0.31000,0.26586,16.60138,1.04487,1,0.64625,0.28329,15.02964,1.03687,1,0,0.00000,19,
0,NewMedia,2575,42.30324,830565172918,0.55665,0.37264,41.62976,0.67348,77,1,0.56631,0.40882,1,1.63155,0.02190,0,,0.31082,0.26757,19.43188,1.00606,1,0.64749,0.28439,16.92940,1.00685,1,0,0.00000,19,
0,NewMedia,2592,42.58279,830566044527,0.56253,0.39099,42.32212,0.26067,78,1,0.53651,0.55168,0,1.63155,0.02190,0,,0.30966,0.26950,13.65489,1.04998,0,0.64725,0.28410,13.69517,1.04665,0,22,0.00000,19,
0,NewMedia,2630,43.20750,830567992351,0.53855,0.37435,42.89485,0.31264,79,1,0.51884,0.41158,0,1.63155,0.02190,0,,0.30963,0.26992,16.66950,1.06398,0,0.64716,0.28537,15.76068,1.05598,0,0,0.00000,20,
0,NewMedia,2699,44.34059,830571525282,0.53564,0.39619,43.51913,0.82146,80,1,0.54161,0.43626,1,1.63155,0.02190,0,,0.30985,0.27026,16.62792,1.02720,1,0.64743,0.28729,15.57626,1.01920,1,0,0.00000,20,
0,NewMedia,2749,45.16193,830574086196,0.54330,0.44300,44.35699,0.80494,81,1,0.57779,0.44262,1,1.63155,0.02190,0,,0.31157,0.27061,17.58289,1.02665,1,0.64794,0.28739,15.56577,1.02332,1,0,0.00000,20,
0,NewMedia,2781,45.68769,830575725476,0.56672,0.43149,45.17843,0.50925,82,1,0.52184,0.39681,1,1.63155,0.02190,0,,0.30915,0.26839,16.22425,1.03109,1,0.64561,0.28496,14.88559,1.03221,1,0,0.00000,20,
0,NewMedia,2848,46.78840,830579157457,0.52696,0.40607,45.70407,1.08433,83,1,0.55858,0.36234,1,1.63155,0.02190,0,,0.30994,0.26698,17.02998,1.07176,1,0.64715,0.28489,16.05810,1.07287,1,0,0.00000,20,
0,NewMedia,2878,47.28130,830580694280,0.55843,0.38941,46.80480,0.47650,84,1,0.58757,0.41908,1,1.63155,0.02190,0,,0.31148,0.26806,17.18902,1.02814,1,0.64841,0.28545,15.66371,1.01622,1,0,0.00000,20,
0,NewMedia,2957,48.57912,830584740835,0.57214,0.42516,47.29774,1.28137,85,1,0.56642,0.42465,0,1.63155,0.02190,0,,0.31029,0.27034,18.67060,1.01018,0,0.64722,0.28476,17.65311,1.00685,0,23,0.00000,20,
0,NewMedia,3026,49.71484,830588281987,0.53307,0.36720,48.94049,0.77435,86,1,0.55624,0.33616,1,1.63155,0.02190,0,,0.30877,0.26737,17.08134,1.06376,1,0.64554,0.28300,14.65286,1.06021,1,0,0.00000,21,
0,NewMedia,3048,50.07408,830589402075,0.57353,0.36053,49.72913,0.34495,87,1,0.57774,0.41822,1,1.63155,0.02190,0,,0.30999,0.26739,17.40163,1.01430,1,0.64688,0.28488,16.26242,1.01508,1,0,0.00000,21,
0,NewMedia,3065,50.35335,830590272823,0.58195,0.35549,50.09048,0.26287,88,1,0.59197,0.33772,1,1.63155,0.02190,0,,0.31109,0.26419,17.48303,1.01896,1,0.64738,0.28070,15.36469,1.01096,1,0,0.00000,21,
0,NewMedia,3166,52.01284,830595447037,0.58667,0.31676,50.36984,1.64300,89,1,0.49569,0.42878,1,1.63155,0.02190,0,,0.30807,0.26843,17.52611,1.00194,1,0.64504,0.28475,15.41893,0.99861,1,0,0.00000,20,
0,NewMedia,3246,53.32693,830599544336,0.53790,0.37484,52.07829,1.24864,90,1,0.56482,0.35882,1,1.63155,0.02190,0,,0.31010,0.26514,17.21993,1.04065,1,0.64717,0.28224,15.64069,1.03732,1,0,0.00000,20,
0,NewMedia,3263,53.60618,830600415001,0.59839,0.32044,53.34342,0.26276,91,1,0.63644,0.27692,1,1.63155,0.02190,0,,0.31151,0.26253,17.39959,1.03132,1,0.64758,0.27945,15.17853,1.02332,1,0,0.00000,20,
0,NewMedia,3325,54.62466,830603590571,0.59089,0.29920,53.62275,1.00190,92,1,0.55571,0.36641,1,1.63155,0.02190,0,,0.30919,0.26515,16.57341,1.00253,1,0.64543,0.28284,15.34258,0.99920,1,0,0.00000,20,
0,NewMedia,3357,55.15055,830605230296,0.52032,0.38804,54.64129,0.50926,93,1,0.51051,0.51375,0,1.63155,0.02190,0,,0.30801,0.26776,12.90277,1.02665,0,0.64473,0.28264,12.79119,1.02332,0,24,0.00000,20,
0,NewMedia,3414,56.08696,830608149982,0.56121,0.38544,55.41338,0.67359,94,1,0.59584,0.36425,1,1.63155,0.02190,0,,0.31054,0.26573,16.45538,1.02665,1,0.64785,0.28187,14.77819,1.02332,1,0,0.00000,21,
0,NewMedia,3429,56.33343,830608918461,0.52840,0.42412,56.10334,0.23009,95,1,0.48761,0.41144,1,1.63155,0.02190,0,,0.30657,0.26690,15.98588,1.02665,1,0.64343,0.28391,15.28236,1.02332,1,0,0.00000,20,
0,NewMedia,3463,56.89205,830610660220,0.47458,0.43118,56.34978,0.54227,96,1,0.48921,0.38993,1,1.63155,0.02190,0,,0.30636,0.26742,16.50972,1.03242,1,0.64294,0.28310,14.63649,1.03320,1,0,0.00000,20,
0,NewMedia,3476,57.10546,830611325621,0.47642,0.43211,56.90843,0.19703,97,1,0.46035,0.53742,0,1.63155,0.02190,0,,0.30731,0.27154,11.12545,1.02371,0,0.64384,0.28773,10.16803,1.02482,0,25,0.00000,20,
0,NewMedia,3506,57.59832,830612862349,0.53634,0.41244,57.36819,0.23014,98,1,0.50044,0.51066,0,1.63155,0.02190,0,,0.30836,0.27154,12.26994,1.04509,0,0.64627,0.28510,13.96957,1.04176,0,0,0.00000,21,
0,NewMedia,3580,58.81426,830616653579,0.54197,0.38640,57.91044,0.90382,99,1,0.50859,0.37254,1,1.63155,0.02190,0,,0.30943,0.25824,17.96514,0.99469,1,0.64733,0.27344,16.25114,0.99136,1,0,0.00000,20,
0,NewMedia,3645,59.88190,830619982457,0.53443,0.35312,58.83041,1.05149,100,1,0.55741,0.36850,1,1.63155,0.02190,0,,0.30741,0.26003,17.70270,1.02665,1,0.64412,0.27972,15.74669,1.02332,1,0,0.00000,19,
0,NewMedia,3677,60.40774,830621622005,0.53207,0.39170,59.89814,0.50961,101,1,0.52642,0.41814,0,1.63155,0.02190,0,,0.29983,0.26661,17.09717,1.02665,0,0.63728,0.27673,15.80752,1.02332,0,26,0.00000,18,
0,NewMedia,3734,61.34405,830624541358,0.55093,0.37331,60.67049,0.67355,102,1,0.49338,0.25681,1,1.63155,0.02190,0,,0.29963,0.26730,17.70214,1.06732,1,0.63630,0.27323,15.87954,1.06006,1,0,0.00000,18,
0,NewMedia,3814,62.65855,830628639910,0.48453,0.28710,61.36048,1.29807,103,1,0.54631,0.35027,1,1.63155,0.02190,0,,0.30118,0.26850,19.92596,1.02665,1,0.63804,0.27532,17.39209,1.02332,1,0,0.00000,17,
0,NewMedia,3918,64.36694,830633966621,0.53443,0.37647,62.67473,1.69221,104,1,0.58209,0.27980,1,1.63155,0.02190,0,,0.30411,0.26231,17.47545,1.02665,1,0.64046,0.27536,16.22955,1.02332,1,0,0.00000,16,
0,NewMedia,3961,65.07333,830636169107,0.58496,0.28877,64.38331,0.69003,105,1,0.60370,0.32186,1,1.63155,0.02190,0,,0.30492,0.26198,18.97876,1.00194,1,0.64154,0.27671,17.25769,0.99861,1,0,0.00000,16,
0,NewMedia,3992,65.58258,830637756926,0.58119,0.29304,65.08990,0.49268,106,1,0.57877,0.32030,1,1.63155,0.02190,0,,0.30456,0.26191,19.33530,1.01653,1,0.64201,0.27532,17.08213,1.01320,1,0,0.00000,16,
0,NewMedia,4026,66.14180,830639500546,0.77552,0.15547,65.94404,0.19776,107,1,0.52542,0.40619,1,1.63155,0.02190,0,,0.30420,0.26584,18.25858,1.00253,1,0.64011,0.27940,16.75353,1.00332,1,0,0.00000,17,
0,NewMedia,4064,66.76552,830641445260,0.53915,0.37145,66.20693,0.55859,108,1,0.57746,0.31941,1,1.63155,0.02190,0,,0.30321,0.26352,16.83200,1.08132,1,0.64013,0.27905,15.06359,1.08243,1,0,0.00000,16,
0,NewMedia,4101,67.37329,830643340286,0.53296,0.35909,66.78187,0.59142,109,1,0.48110,0.28830,1,1.63155,0.02190,0,,0.30130,0.26015,16.06431,1.05332,1,0.63769,0.27606,14.37535,1.04998,1,0,0.00000,16,
0,NewMedia,4170,68.50772,830646877376,0.48002,0.28823,67.38997,1.11775,110,1,0.51605,0.37531,1,1.63155,0.02190,0,,0.30298,0.26155,16.42367,1.03109,1,0.63987,0.27855,15.42339,1.03221,1,0,0.00000,15,
0,NewMedia,4216,69.26260,830649231063,0.53847,0.39620,68.52338,0.73922,111,1,0.57449,0.37764,1,1.63155,0.02190,0,,0.30420,0.26174,16.73498,1.05776,1,0.64156,0.27836,15.26017,1.05887,1,0,0.00000,15,
0,NewMedia,4245,69.73904,830650716578,0.55709,0.37968,69.27895,0.46008,112,1,0.57946,0.32974,1,1.63155,0.02190,0,,0.30456,0.26082,17.47978,1.04443,1,0.64210,0.27689,15.35462,1.04554,1,0,0.00000,15,
0,NewMedia,4271,70.16634,830652048891,0.56164,0.31384,69.75550,0.41084,113,1,0.54565,0.38552,1,1.63155,0.02190,0,,0.30447,0.26105,17.11123,1.01096,1,0.64189,0.27766,15.12953,1.00763,1,0,0.00000,14,
0,NewMedia,4313,70.85616,830654199738,0.54510,0.34902,70.18259,0.67358,114,1,0.58170,0.33549,0,1.63155,0.02190,0,,0.30452,0.26383,14.62445,1.08176,0,0.64218,0.28014,15.33648,1.07376,0,28,0.00000,14,
0,NewMedia,4425,72.71238,830659987335,0.55481,0.39548,71.16828,1.54410,115,1,0.54286,0.32397,1,1.63155,0.02190,0,,0.30467,0.26173,16.49851,1.02665,1,0.64126,0.27860,14.64479,1.02332,1,0,0.00000,13,
0,NewMedia,4489,73.76399,830663266211,0.55493,0.35389,72.72902,1.03497,116,1,0.52920,0.39406,1,1.63155,0.02190,0,,0.30390,0.26389,16.22756,1.00757,1,0.64062,0.28131,14.53085,1.00031,1,0,0.00000,13,
0,NewMedia,4543,74.65113,830666032286,0.53327,0.40521,73.78036,0.87077,117,1,0.51982,0.37361,1,1.63155,0.02190,0,,0.30450,0.26488,17.47126,1.08598,1,0.64182,0.28326,16.32607,1.08265,1,0,0.00000,13,
0,NewMedia,4591,75.43973,830668491119,0.54554,0.34393,74.66759,0.77214,118,1,0.54505,0.30302,1,1.63155,0.02190,0,,0.30430,0.26315,17.22472,1.05798,1,0.64179,0.28028,15.49117,1.05910,1,0,0.00000,13,
0,NewMedia,4618,75.88336,830669874315,0.54391,0.29867,75.45612,0.42725,119,1,0.55836,0.32356,1,1.63155,0.02190,0,,0.30515,0.26487,19.46789,1.03110,1,0.64259,0.28117,16.42324,1.02776,1,0,0.00000,13,
0,NewMedia,4653,76.45818,830671666585,0.53909,0.33736,75.89972,0.55846,120,1,0.53211,0.52823,1,1.63155,0.02190,0,,0.30359,0.26611,12.44952,1.02665,1,0.64171,0.28148,11.90944,1.02332,1,0,0.00000,13,
0,NewMedia,4712,77.42762,830674689259,0.53604,0.38933,76.86896,0.55865,121,1,0.49007,0.56564,0,1.63155,0.02190,0,,0.30454,0.26540,13.55925,0.98685,0,0.64183,0.28202,12.83956,0.98371,0,30,0.00000,13,
0,NewMedia,4750,78.05165,830676634956,0.55424,0.38437,77.73969,0.31196,122,1,0.55168,0.35722,1,1.63155,0.02190,0,,0.30575,0.26314,16.53718,0.99842,1,0.64294,0.28061,15.04615,0.99116,1,0,0.00000,14,
0,NewMedia,4767,78.33114,830677506399,0.52486,0.33873,78.06815,0.26299,123,1,0.47648,0.27789,1,1.63155,0.02190,0,,0.30276,0.26230,15.92838,1.03214,1,0.63968,0.27978,15.12912,1.02881,1,0,0.00000,14,
0,NewMedia,4844,79.59612,830681450557,0.48889,0.31065,78.34756,1.24857,124,1,0.52190,0.31113,1,1.63155,0.02190,0,,0.30446,0.26339,16.81545,1.05332,1,0.64101,0.28029,14.50724,1.04998,1,0,0.00000,13,
0,NewMedia,4861,79.87537,830682321254,0.53713,0.38728,79.61251,0.26286,125,1,0.55074,0.39153,0,1.63155,0.02190,0,,0.30433,0.26559,14.83894,1.02665,0,0.64211,0.28284,14.30479,1.02332,0,31,0.00000,13,
0,NewMedia,4923,80.89400,830685497302,0.54010,0.37905,80.18752,0.70648,126,1,0.53648,0.34560,1,1.63155,0.02190,0,,0.30589,0.26374,16.67511,1.05776,1,0.64329,0.28163,15.07128,1.05887,1,0,0.00000,14,
0,NewMedia,4996,82.09458,830689240639,0.54114,0.32807,80.91038,1.18420,127,1,0.54512,0.28226,1,1.63155,0.02190,0,,0.30577,0.26260,18.76753,1.06732,1,0.64351,0.28060,16.51238,1.06398,1,0,0.00000,14,
0,NewMedia,5088,83.60468,830693949087,0.53481,0.38086,82.10971,1.49497,128,1,0.55025,0.33939,1,1.63155,0.02190,0,,0.30649,0.26022,16.17074,1.00253,1,0.64368,0.27927,15.23944,0.99920,1,0,0.00000,14,
0,NewMedia,5149,84.60680,830697073644,0.55592,0.34758,83.62105,0.98575,129,1,0.52375,0.47626,0,1.63155,0.02190,0,,0.30671,0.26596,11.58436,1.02740,0,0.64412,0.28185,12.67630,1.01940,0,32,0.00000,13,
0,NewMedia,5234,86.00925,830701446405,0.54220,0.39931,84.96826,1.04099,130,1,0.53741,0.33298,1,1.63155,0.02190,0,,0.30604,0.26065,16.85728,1.01933,1,0.64355,0.27983,15.46606,1.02044,1,0,0.00000,14,
0,NewMedia,5301,87.10399,830704859767,0.55048,0.36078,86.01963,1.08436,131,1,0.54281,0.40771,1,1.63155,0.02190,0,,0.30677,0.26388,16.49724,1.04065,1,0.64409,0.28298,15.37226,1.03732,1,0,0.00000,14,
0,NewMedia,5326,87.51475,830706140514,0.53300,0.43417,87.12025,0.39451,132,1,0.48366,0.48829,0,1.63155,0.02190,0,,0.30643,0.26757,12.77490,1.04532,0,0.64408,0.28520,12.81070,1.04199,0,33,0.00000,14,
0,NewMedia,5390,88.56624,830709418992,0.54088,0.38203,87.82685,0.73939,133,1,0.53959,0.40220,1,1.63155,0.02190,0,,0.31293,0.25652,16.89070,1.01489,1,0.65167,0.27163,15.92699,1.01155,1,0,0.00000,14,
0,NewMedia,5449,89.53617,830712443203,0.56193,0.44530,88.58260,0.95357,134,1,0.56368,0.46103,0,1.63155,0.02190,0,,0.31225,0.26704,16.44277,1.03999,0,0.64949,0.28064,15.95552,1.04110,0,34,0.00000,14,
0,NewMedia,5492,90.24200,830714643978,0.53896,0.40559,89.84765,0.39436,135,1,0.47878,0.63452,1,1.63155,0.02190,0,,0.30695,0.26559,9.79798,1.01320,1,0.64487,0.27825,10.11709,1.00595,1,0,0.00000,15,
0,NewMedia,5559,91.34255,830718075422,0.53252,0.38713,90.60335,0.73920,136,1,0.46517,0.39258,1,1.63155,0.02190,0,,0.30747,0.26815,17.56457,1.06776,1,0.64549,0.28248,15.95527,1.06421,1,0,0.00000,15,
0,NewMedia,5622,92.37749,830721302327,0.48698,0.39290,91.35951,1.01798,137,1,0.53026,0.34338,1,1.63155,0.02190,0,,0.30892,0.26719,17.73348,1.04887,1,0.64710,0.28190,15.93691,1.04999,1,0,0.00000,15,
0,NewMedia,5655,92.91962,830722992666,0.53667,0.37741,92.39386,0.52576,138,1,0.68724,0.67298,0,1.63155,0.02190,0,,0.30906,0.26819,14.53880,1.05776,0,0.64598,0.28738,7.34617,1.05887,0,36,0.00000,15,
0,NewMedia,5723,94.03692,830726476359,0.54547,0.37456,93.23226,0.80466,139,1,0.58398,0.33950,1,1.63155,0.02190,0,,0.31261,0.26331,16.99818,1.01489,1,0.64946,0.27827,15.01712,1.01155,1,0,0.00000,16,
0,NewMedia,5790,95.13993,830729915507,0.59958,0.30185,94.05329,1.08664,140,1,0.84657,0.08112,1,1.63155,0.02190,0,,0.31972,0.25585,18.32463,1.02665,1,0.65407,0.27249,15.98443,1.02332,1,0,0.00000,16,
0,NewMedia,5809,95.44977,830730881564,0.81405,0.15405,95.20318,0.24659,141,1,0.57815,0.35678,1,1.63155,0.02190,0,,0.31200,0.26414,16.45024,1.01097,1,0.64739,0.28069,14.78469,1.00763,1,0,0.00000,16,
0,NewMedia,5873,96.50107,830734159458,0.52672,0.41548,95.51534,0.98573,142,1,0.58293,0.33894,1,1.63155,0.02190,0,,0.31072,0.26386,16.54876,1.00312,1,0.64825,0.28035,15.06648,0.99979,1,0,0.00000,16,
0,NewMedia,5893,96.82980,830735184431,0.55852,0.37454,96.51755,0.31224,143,1,0.52623,0.44254,1,1.63155,0.02190,0,,0.30955,0.26818,16.59196,1.02720,1,0.64760,0.28565,15.22852,1.02799,1,0,0.00000,16,
0,NewMedia,5937,97.55252,830737437844,0.54357,0.44934,96.84605,0.70647,144,1,0.51293,0.44749,1,1.63155,0.02190,0,,0.30961,0.26866,16.31553,1.05465,1,0.64759,0.28545,15.82020,1.05132,1,0,0.00000,16,
0,NewMedia,5984,98.32462,830739845227,0.56388,0.46965,97.91389,0.41074,145,1,0.45412,0.61929,0,1.63155,0.02190,0,,0.30928,0.27213,8.32675,1.00606,0,0.64752,0.28535,11.02060,1.00273,0,38,0.00000,17,
0,NewMedia,6021,98.93257,830741740782,0.27139,0.11283,98.63689,0.29568,146,1,0.50929,0.36875,1,1.63155,0.02190,0,,0.31041,0.26597,15.55455,1.02665,1,0.64555,0.28330,14.94542,1.02332,1,0,0.00000,18,
0,NewMedia,6062,99.60609,830743840777,0.52392,0.37803,98.99824,0.60784,147,1,0.50553,0.40718,1,1.63155,0.02190,0,,0.31030,0.26616,16.09346,0.99920,1,0.64768,0.28382,14.62042,0.99195,1,0,0.00000,18,
0,NewMedia,6087,100.01701,830745122028,0.56210,0.41655,99.62271,0.39430,148,1,0.58562,0.44865,1,1.63155,0.02190,0,,0.31258,0.26780,16.41797,1.00646,1,0.65011,0.28616,15.67085,1.00312,1,0,0.00000,17,
0,NewMedia,6139,100.87106,830747784928,0.58523,0.43859,100.03327,0.83779,149,1,0.56428,0.47119,0,1.63155,0.02190,0,,0.31281,0.27039,13.83604,1.05865,0,0.64973,0.28543,15.50355,1.05532,0,39,0.00000,17,
0,NewMedia,6241,102.54700,830753010418,0.54795,0.36019,101.18318,1.36382,150,1,0.47799,0.44236,1,1.63155,0.02190,0,,0.30935,0.26713,16.45081,1.01450,1,0.64640,0.28474,14.93746,1.01528,1,0,0.00000,18,
0,NewMedia,6285,103.26968,830755263719,0.47578,0.43530,102.61252,0.65717,151,1,0.51046,0.45162,1,1.63155,0.02190,0,,0.30941,0.26857,16.72066,0.97450,1,0.64773,0.28714,15.23240,0.96724,1,0,0.00000,17,
0,NewMedia,6330,104.00887,830757568491,0.49412,0.42511,103.28606,0.72281,152,1,0.53386,0.40054,1,1.63155,0.02190,0,,0.31084,0.26544,16.57623,1.00195,1,0.64839,0.28388,15.27110,0.99861,1,0,0.00000,17,
0,NewMedia,6404,105.22487,830761359915,0.53866,0.37006,104.02540,1.19947,153,1,0.55288,0.34622,1,1.63155,0.02190,0,,0.31012,0.26649,16.11112,1.09510,1,0.64811,0.28368,14.63026,1.09154,1,0,0.00000,17,
0,NewMedia,6424,105.55318,830762383568,0.54089,0.37628,105.24108,0.31210,154,1,0.53136,0.40770,1,1.63155,0.02190,0,,0.31071,0.26657,16.33929,1.00720,1,0.64900,0.28377,14.91703,1.00831,1,0,0.00000,17,
0,NewMedia,6439,105.79970,830763152219,0.54563,0.28493,105.56970,0.23000,155,1,0.53982,0.29882,1,1.63155,0.02190,0,,0.31092,0.26226,16.22432,1.02273,1,0.64801,0.28020,14.78841,1.01940,1,0,0.00000,17,
0,NewMedia,6482,106.50606,830765354597,0.55027,0.28145,105.81608,0.68998,156,1,0.54439,0.32344,1,1.63155,0.02190,0,,0.31210,0.26273,17.38670,0.99038,1,0.64865,0.28131,15.81846,0.98312,1,0,0.00000,17,
0,NewMedia,6497,106.75246,830766122880,0.55941,0.33305,106.52260,0.22987,157,1,0.60801,0.49391,0,1.63155,0.02190,0,,0.31506,0.26561,10.10929,1.03763,0,0.65266,0.28032,11.55839,1.03842,0,40,0.00000,17,
0,NewMedia,6538,107.42610,830768223264,0.52845,0.35163,107.01531,0.41079,158,1,0.53344,0.38770,0,1.63155,0.02190,0,,0.31163,0.26576,15.03947,1.03132,0,0.64863,0.28364,14.42239,1.02332,0,41,0.00000,18,
0,NewMedia,6591,108.29668,830770937694,0.53540,0.35458,107.73818,0.55850,159,1,0.51775,0.30370,1,1.63155,0.02190,0,,0.31137,0.26374,15.78494,1.07221,1,0.64820,0.28160,14.08551,1.06421,1,0,0.00000,19,
0,NewMedia,6651,109.28252,830774011497,0.54210,0.45857,108.36242,0.92010,160,1,0.51792,0.43131,1,1.63155,0.02190,0,,0.31014,0.26869,17.12216,1.00646,1,0.64837,0.28697,15.89667,0.99920,1,0,0.00000,18,
0,NewMedia,6674,109.66043,830775189798,0.51891,0.46316,109.29913,0.36131,161,1,0.49113,0.63166,0,1.63155,0.02190,0,,0.30994,0.27096,12.88078,1.02665,0,0.64793,0.28805,13.76364,1.02332,0,42,0.00000,18,
0,NewMedia,6778,111.36889,830780516714,0.53820,0.39622,110.02175,1.34714,162,1,0.59161,0.46520,1,1.63155,0.02190,0,,0.31373,0.26753,16.77175,1.03999,1,0.65105,0.28629,16.25802,1.03665,1,0,0.00000,19,
0,NewMedia,6829,112.20693,830783129697,0.59091,0.42947,111.38534,0.82159,163,1,0.59004,0.43860,0,1.63155,0.02190,0,,0.31415,0.26863,14.66850,1.01149,0,0.65142,0.28598,15.41873,1.01227,0,43,0.00000,19,
0,NewMedia,6908,113.50459,830787175733,0.54201,0.38261,112.51884,0.98575,164,1,0.60713,0.41142,1,1.63155,0.02190,0,,0.31450,0.27021,17.45405,1.06399,1,0.65082,0.28713,16.54548,1.05599,1,0,0.00000,20,
0,NewMedia,6926,113.80041,830788098069,0.57423,0.38952,113.52105,0.27936,165,1,0.55125,0.36547,1,1.63155,0.02190,0,,0.31187,0.26765,17.48687,1.04443,1,0.64904,0.28553,16.15571,1.04554,1,0,0.00000,20,
0,NewMedia,7008,115.14744,830792298077,0.54142,0.38254,113.81671,1.33073,166,1,0.75309,0.58409,0,1.63155,0.02190,0,,0.31137,0.26777,14.26300,1.02665,0,0.64904,0.28881,8.62091,1.02332,0,44,0.00000,20,
0,NewMedia,7093,116.54388,830796652100,0.53490,0.40478,115.50892,1.03496,167,1,0.57183,0.38971,1,1.63155,0.02190,0,,0.31319,0.26649,15.83110,1.03132,1,0.65111,0.28657,15.02292,1.03243,1,0,0.00000,20,
0,NewMedia,7112,116.85603,830797625378,0.55389,0.39328,116.56026,0.29576,168,1,0.48851,0.43976,1,1.63155,0.02190,0,,0.31069,0.26801,16.49153,1.03206,1,0.64788,0.28763,14.24030,1.02481,1,0,0.00000,20,
0,NewMedia,7162,117.67741,830800186393,0.48615,0.41823,116.87238,0.80502,169,1,0.54305,0.41308,1,1.63155,0.02190,0,,0.31219,0.26554,17.03901,1.02665,1,0.64864,0.28426,14.65826,1.02332,1,0,0.00000,19,
0,NewMedia,7269,119.43526,830805667320,0.54714,0.39735,117.69388,1.74139,170,1,0.54053,0.34056,1,1.63155,0.02190,0,,0.31263,0.26352,16.68581,1.01881,1,0.64953,0.28305,14.74698,1.01548,1,0,0.00000,19,
0,NewMedia,7310,120.10883,830807767468,0.54082,0.33224,119.45177,0.65706,171,1,0.53816,0.36710,1,1.63155,0.02190,0,,0.31154,0.26365,16.75618,1.00665,1,0.64867,0.28404,15.48207,1.00332,1,0,0.00000,19,
0,NewMedia,7324,120.33883,830808484598,0.54205,0.38272,120.12534,0.21349,172,1,0.53510,0.36440,0,1.63155,0.02190,0,,0.31225,0.26404,15.97725,1.02665,0,0.64941,0.28418,14.89207,1.02332,0,45,0.00000,19,
0,NewMedia,7352,120.79882,830809918833,0.36289,0.20368,120.70032,0.09850,173,1,0.55627,0.36375,1,1.63155,0.02190,0,,0.31311,0.26540,16.64767,1.02286,1,0.64901,0.28648,15.81103,1.02397,1,0,0.00000,19,
0,NewMedia,7431,122.09653,830813965072,0.54221,0.40011,120.86681,1.22973,174,1,0.52619,0.42956,1,1.63155,0.02190,0,,0.31178,0.26749,16.37139,1.02665,1,0.64954,0.28774,14.99010,1.02332,1,0,0.00000,19,
0,NewMedia,7456,122.50748,830815246376,0.53469,0.44139,122.11314,0.39435,175,1,0.56230,0.45169,1,1.63155,0.02190,0,,0.31371,0.26724,17.01228,1.01430,1,0.65104,0.28773,15.54209,1.00705,1,0,0.00000,19,
0,NewMedia,7491,123.08239,830817038899,0.55322,0.41469,122.52386,0.55853,176,1,0.49948,0.45341,1,1.63155,0.02190,0,,0.31097,0.26815,16.73851,1.04488,1,0.64922,0.28748,15.18939,1.03688,1,0,0.00000,19,
0,NewMedia,7513,123.44389,830818166039,0.52395,0.45169,123.09875,0.34514,177,1,0.67479,0.51612,1,1.63155,0.02190,0,,0.31768,0.26972,16.11898,1.01955,1,0.65430,0.28915,15.35290,1.01622,1,0,0.00000,19,
0,NewMedia,7529,123.70663,830818985268,0.58477,0.45154,123.50936,0.19727,178,1,0.53320,0.39227,1,1.63155,0.02190,0,,0.31311,0.26444,15.58979,1.04065,1,0.65002,0.28557,14.33039,1.03265,1,0,0.00000,19,
0,NewMedia,7553,124.10098,830820214810,0.53633,0.41721,123.72317,0.37781,179,1,0.59021,0.74563,0,1.63155,0.02190,0,,0.31078,0.27093,8.72701,1.02665,0,0.64982,0.28850,8.69660,1.02332,0,46,0.00000,19,
0,NewMedia,7612,125.07043,830823237507,0.53300,0.35916,124.46238,0.60805,180,1,0.47682,0.28329,1,1.63155,0.02190,0,,0.31067,0.26237,16.06332,1.03800,1,0.64746,0.28263,14.54305,1.02608,1,0,0.00000,20,
0,NewMedia,7669,126.00678,830826157047,0.49586,0.29535,125.08666,0.92012,181,1,0.52476,0.37603,1,1.63155,0.02190,0,,0.31265,0.26474,15.70484,1.02665,1,0.64928,0.28587,14.48442,1.02332,1,0,0.00000,19,
0,NewMedia,7696,126.45031,830827539923,0.53558,0.39698,126.02316,0.42715,182,1,0.54517,0.41932,1,1.63155,0.02190,0,,0.31248,0.26509,15.41271,1.03132,1,0.64972,0.28546,14.19188,1.03243,1,0,0.00000,19,
0,NewMedia,7754,127.40305,830830510569,0.54617,0.39491,126.86092,0.54213,183,1,0.57693,0.29581,1,1.63155,0.02190,0,,0.31477,0.26234,16.08837,1.02665,1,0.65143,0.28272,14.51672,1.02332,1,0,0.00000,20,
0,NewMedia,7773,127.71552,830831484841,0.56032,0.28599,127.41955,0.29597,184,1,0.55080,0.26777,1,1.63155,0.02190,0,,0.31364,0.26048,15.55341,1.02665,1,0.65029,0.28210,14.70417,1.02332,1,0,0.00000,20,
0,NewMedia,7812,128.35597,830833481762,0.54145,0.27772,127.73173,0.62425,185,1,0.51744,0.26297,1,1.63155,0.02190,0,,0.31197,0.26035,16.09299,1.04065,1,0.64858,0.28157,14.99093,1.03732,1,0,0.00000,20,
0,NewMedia,7828,128.61876,830834301125,0.51609,0.27190,128.37238,0.24638,186,1,0.51741,0.35610,0,1.63155,0.02190,0,,0.31247,0.26798,9.52423,1.01620,0,0.64917,0.28356,11.76924,1.00894,0,48,0.00000,20,
0,NewMedia,7926,130.22874,830839320956,0.53314,0.38903,128.93089,1.29785,187,1,0.57453,0.28564,1,1.63155,0.02190,0,,0.31433,0.26158,16.66681,1.01430,1,0.65108,0.28190,15.07884,1.01097,1,0,0.00000,21,
0,NewMedia,7984,131.19971,830842348369,0.59264,0.30216,130.24512,0.95459,188,1,0.84528,0.08467,1,1.63155,0.02190,0,,0.32294,0.25399,18.16599,1.01450,1,0.65765,0.27537,16.21970,1.00724,1,0,0.00000,20,
0,NewMedia,8019,131.77322,830844136586,0.84844,0.07754,131.26387,0.50935,189,1,0.75970,0.17358,1,1.63155,0.02190,0,,0.31959,0.25691,17.31307,1.00250,1,0.65541,0.27802,15.53324,1.00328,1,0,0.00000,20,
0,NewMedia,8066,132.54524,830846543700,0.55999,0.37015,131.83885,0.70639,190,1,0.48235,0.24110,1,1.63155,0.02190,0,,0.31115,0.25985,16.59135,1.02665,1,0.64787,0.28028,15.30736,1.02332,1,0,0.00000,20,
0,NewMedia,8098,133.07094,830848182823,0.25967,0.12775,132.61096,0.45998,191,1,0.40644,0.27196,1,2.14226,0.00000,0,,0.30770,0.25925,16.03304,1.00195,1,0.64414,0.27970,15.19112,1.00273,1,0,0.00000,20,
0,NewMedia,8116,133.36670,830849104970,0.58807,0.47791,133.13666,0.23004,192,1,0.74797,0.68786,1,2.14226,0.00000,0,,0.32188,0.27624,17.21553,1.02438,1,0.65745,0.29621,16.16079,1.02124,1,0,0.00000,20,
0,NewMedia,8160,134.08952,830851358697,0.80443,0.83834,133.48170,0.60782,193,1,0.78088,0.86483,1,1.66607,0.04571,0,,0.32359,0.27948,17.11092,1.02665,1,0.66016,0.29926,16.66986,1.02332,1,0,0.00000,20,
0,NewMedia,8178,134.38539,830852281198,0.77572,0.84025,134.10591,0.27948,194,1,0.88266,1.08181,0,1.67500,0.06952,0,,0.32184,0.28386,9.75953,1.03132,0,0.65906,0.30041,12.10795,1.02332,0,49,0.00000,20,
0,NewMedia,8217,135.02637,830854279770,0.78651,0.86199,134.64803,0.37834,195,1,0.79841,0.73955,1,1.11310,0.17905,0,,0.32610,0.27524,17.26730,1.02179,1,0.66172,0.29578,17.07779,1.01379,1,0,0.00000,21,
0,NewMedia,8239,135.38737,830855405363,0.81332,0.32944,135.09164,0.29573,196,1,0.76351,0.37097,1,0.96310,0.16476,0,,0.32332,0.26468,17.54081,1.01430,1,0.65898,0.28665,16.52539,1.01097,1,0,0.00000,21,
0,NewMedia,8260,135.73262,830856481824,0.86034,0.40946,135.40376,0.32886,197,1,0.88491,0.44081,1,0.87560,0.15524,0,,0.32642,0.26387,17.54996,1.01842,1,0.66263,0.28532,15.55467,1.01509,1,0,0.00000,21,
0,NewMedia,8273,135.94585,830857146674,0.73829,0.46591,135.74950,0.19635,198,1,0.62223,0.49697,1,0.80655,0.14762,0,,0.31744,0.26919,16.34557,1.01881,1,0.65387,0.29028,15.84653,1.01548,1,0,0.00000,21,
0,NewMedia,8295,136.30737,830858273867,0.59793,0.50467,136.01161,0.29576,199,1,0.65250,0.49176,1,0.72143,0.13524,0,,0.31877,0.26833,17.40341,1.05910,1,0.65550,0.28971,15.92553,1.05576,1,0,0.00000,21,
0,NewMedia,8315,136.63585,830859298058,0.61886,0.50816,136.32375,0.31210,200,1,0.55469,0.49325,1,0.69107,0.13333,0,,0.31493,0.26786,17.06954,1.04065,1,0.65274,0.28975,15.77366,1.03732,1,0,0.00000,21,
0,NewMedia,8333,136.93260,830860223297,0.60441,0.50997,136.65236,0.28024,201,1,0.67575,0.53706,1,0.65595,0.13333,0,,0.32042,0.26840,17.57665,1.04065,1,0.65699,0.28977,16.18109,1.03732,1,0,0.00000,20,
0,NewMedia,8356,137.30949,830861398433,0.68132,0.52044,136.94812,0.36137,202,1,0.55024,0.62544,0,0.64702,0.13238,0,,0.31775,0.26929,6.16390,0.99920,0,0.65721,0.29127,9.22294,0.99195,0,50,0.00000,20,
0,NewMedia,8398,137.99954,830863549980,0.58841,0.37503,137.67096,0.32858,203,1,0.45926,0.36099,1,0.63929,0.13238,0,,0.31127,0.26939,17.47086,1.03999,1,0.64870,0.27985,15.70562,1.03665,1,0,0.00000,20,
0,NewMedia,8424,138.42659,830864881498,0.45667,0.36879,138.01601,0.41058,204,1,0.42071,0.40362,0,0.64048,0.13238,0,,0.31155,0.27144,11.94692,1.03607,0,0.65024,0.28026,11.91985,1.03718,0,51,0.00000,20,
0,NewMedia,8539,140.31601,830870772648,0.72854,0.24443,140.11879,0.19722,205,1,0.80123,0.14202,1,1.86488,0.14286,0,,0.32482,0.25529,19.07585,0.99038,1,0.66038,0.27208,17.33486,0.98312,1,0,0.00000,21,
0,NewMedia,8554,140.56242,830871540948,0.83842,0.10126,140.33215,0.23027,206,1,0.87507,0.03573,1,1.86429,0.14286,0,,0.32571,0.25397,18.09388,1.02822,1,0.66137,0.27161,16.44289,1.02489,1,0,0.00000,21,
0,NewMedia,8567,140.77594,830872206660,0.69941,0.26105,140.57939,0.19655,207,1,0.52033,0.47537,1,1.86429,0.14286,0,,0.31645,0.27124,17.94156,1.02665,1,0.65278,0.28733,16.27066,1.02332,1,0,0.00000,21,
0,NewMedia,8580,140.98961,830872872884,0.49652,0.52891,140.84172,0.14789,208,1,0.48085,0.62049,0,1.86429,0.14286,0,,0.31503,0.27832,10.30293,1.02665,0,0.65342,0.29227,12.09017,1.02332,0,53,0.00000,21,
0,NewMedia,8611,141.49893,830874460943,0.42142,0.51977,141.30165,0.19728,209,1,0.15058,0.58012,1,1.86429,0.14286,0,,0.32194,0.30236,13.23527,1.06332,1,0.65276,0.31675,12.07647,1.05999,1,0,0.00000,22,
0,NewMedia,8626,141.74521,830875228836,-0.68651,1.03886,141.66302,0.08218,210,1,-0.68173,0.98354,1,1.86429,0.14286,0,,0.32685,0.32273,13.54398,1.64265,0,0.65286,0.35595,11.03880,1.63732,1,0,0.00000,22,
0,NewMedia,8689,142.78035,830878456363,0.54844,0.51947,142.55032,0.23003,211,1,0.59255,0.52334,1,1.86429,0.14286,0,,0.31842,0.26705,20.37409,1.02665,1,0.65506,0.28927,17.56886,1.02332,1,0,0.00000,23,
0,NewMedia,8716,143.22372,830879838783,0.63982,0.47779,142.79668,0.42705,212,1,0.49091,0.32948,1,1.86429,0.14286,0,,0.31328,0.25950,19.32308,1.02665,1,0.64993,0.28179,17.55504,1.02332,1,0,0.00000,23,
0,NewMedia,8739,143.60161,830881017011,0.51819,0.36416,143.28946,0.31215,213,1,0.51638,0.41747,1,1.86429,0.14286,0,,0.31534,0.26354,19.82555,1.00313,1,0.65286,0.28346,16.85493,0.99587,1,0,0.00000,23,
0,NewMedia,8743,143.66734,830881221934,0.54395,0.45391,143.61800,0.04935,214,1,0.55713,0.62914,1,1.86429,0.14286,0,,0.31811,0.26987,18.48370,1.00313,1,0.65506,0.28972,16.11635,0.99979,1,0,0.00000,23,
0,NewMedia,8759,143.93022,830882041616,0.28802,1.38026,143.88083,0.04939,215,1,0.38971,2.09473,1,1.86429,0.14286,0,,0.32909,0.33809,11.97357,0.74665,1,0.65272,0.35747,11.47396,0.74423,1,0,0.00000,23,
0,NewMedia,8800,144.60381,830884141812,0.57935,0.47896,144.34090,0.26291,216,1,0.51931,0.46198,1,1.86429,0.14286,0,,0.31524,0.26430,18.85104,1.03697,1,0.65161,0.28433,18.02855,1.03363,1,0,0.00000,24,
0,NewMedia,8910,146.41092,830889776325,0.58527,0.43319,144.91605,1.49487,217,1,0.61141,0.44276,1,1.86429,0.14286,0,,0.31791,0.26526,21.01701,1.02665,1,0.65501,0.28703,18.88463,1.02332,1,0,0.00000,24,
0,NewMedia,8936,146.83803,830891108010,0.58826,0.40733,146.42728,0.41075,218,1,0.53372,0.31826,1,1.86429,0.14286,0,,0.31684,0.25972,20.24979,1.04065,1,0.65345,0.28269,17.41568,1.03732,1,0,0.00000,24,
0,NewMedia,8958,147.19939,830892234739,0.53417,0.38137,146.85452,0.34486,219,1,0.51549,0.44819,0,1.86429,0.14286,0,,0.31720,0.26491,15.91269,1.02254,0,0.65409,0.28460,15.40502,1.02332,0,57,0.00000,24,
0,NewMedia,9037,148.49722,830896281330,0.53978,0.40453,147.75854,0.73868,220,1,0.51597,0.49359,1,1.86429,0.14286,0,,0.32024,0.27250,18.23424,1.01097,1,0.65757,0.28402,15.98966,1.00371,1,0,0.00000,24,
0,NewMedia,9079,149.18758,830898433809,0.53179,0.45824,148.51381,0.67377,221,1,0.58637,0.44666,1,1.86429,0.14286,0,,0.32079,0.26797,19.36691,1.02497,1,0.65868,0.28453,17.28905,1.01305,1,0,0.00000,24,
0,NewMedia,9099,149.51584,830899457339,0.54572,0.50346,149.20377,0.31207,222,1,0.50192,0.66786,0,1.86429,0.14286,0,,0.32001,0.26894,10.70466,1.05473,0,0.65889,0.28943,13.43353,1.05584,0,58,0.00000,24,
0,NewMedia,9209,151.32329,830905092862,0.52667,0.39056,150.07446,1.24883,223,1,0.49729,0.41142,1,1.86429,0.14286,0,,0.31292,0.26654,17.03095,1.01156,1,0.65066,0.28441,15.52973,1.00842,1,0,0.00000,23,
0,NewMedia,9259,152.14465,830907653851,0.49337,0.40137,151.33943,0.80522,224,1,0.47619,0.37464,1,1.86429,0.14286,0,,0.31211,0.26665,18.25629,1.02665,1,0.64994,0.28464,16.37105,1.02332,1,0,0.00000,23,
0,NewMedia,9285,152.57158,830908984967,0.48104,0.40971,152.16083,0.41075,225,1,0.48864,0.48175,0,1.86429,0.14286,0,,0.31137,0.27177,12.43158,1.01875,0,0.64980,0.28761,13.97144,1.01541,0,59,0.00000,23,
0,NewMedia,9328,153.27901,830911190727,0.53383,0.41244,152.93289,0.34612,226,1,0.49729,0.47410,0,1.86429,0.14286,0,,0.31438,0.26519,15.49829,1.02665,0,0.65199,0.28477,13.82354,1.02332,0,60,0.00000,23,
0,NewMedia,9396,154.39508,830914670579,0.54619,0.38928,153.63940,0.75568,227,1,0.53132,0.34224,1,1.86429,0.14286,0,,0.31406,0.26363,16.73751,1.01430,1,0.65122,0.28258,14.82588,1.01097,1,0,0.00000,24,
0,NewMedia,9441,155.13423,830916975252,0.54271,0.34319,154.41154,0.72269,228,1,0.68507,0.24541,1,1.86429,0.14286,0,,0.31942,0.25830,17.80051,1.01097,1,0.65606,0.27879,16.54012,1.00763,1,0,0.00000,24,
0,NewMedia,9466,155.54509,830918256253,0.83469,0.10567,155.20021,0.34488,229,1,0.57168,0.33411,1,1.86429,0.14286,0,,0.31728,0.26238,16.38854,1.00254,1,0.65341,0.28295,14.17751,0.99920,1,0,0.00000,24,
0,NewMedia,9522,156.46510,830921124815,0.54295,0.39795,155.61084,0.85426,230,1,0.56308,0.31544,1,1.86429,0.14286,0,,0.31501,0.26326,17.17601,1.02254,1,0.65187,0.28451,15.14893,1.02332,1,0,0.00000,24,
0,NewMedia,9597,157.69734,830924966911,0.53930,0.33354,156.48161,1.21573,231,1,0.54962,0.35631,1,1.86429,0.14286,0,,0.31545,0.26162,16.46910,1.02254,1,0.65298,0.28340,14.91240,1.01920,1,0,0.00000,24,
0,NewMedia,9647,158.51906,830927528992,0.52399,0.38064,158.05869,0.46037,232,1,0.51672,0.40871,1,1.86429,0.14286,0,,0.31523,0.26280,15.82529,1.02665,1,0.65277,0.28602,15.63043,1.02332,1,0,0.00000,24,
0,NewMedia,9685,159.14291,830929474127,0.53696,0.38687,158.53517,0.60774,233,1,0.54341,0.42897,1,1.86429,0.14286,0,,0.31591,0.26357,16.74945,0.99371,1,0.65277,0.28604,15.18648,0.99450,1,0,0.00000,23,
0,NewMedia,9708,159.52084,830930652526,0.54936,0.36441,159.15941,0.36143,234,1,0.56920,0.35461,1,1.86429,0.14286,0,,0.31531,0.26207,16.59701,1.04999,1,0.65257,0.28504,15.14887,1.04199,1,0,0.00000,23,
0,NewMedia,9757,160.32576,830933162177,0.55180,0.37103,159.53732,0.78844,235,1,0.51554,0.47845,1,1.86429,0.14286,0,,0.31380,0.26409,14.36701,1.01842,1,0.65188,0.28563,14.24484,1.01509,1,0,0.00000,23,
0,NewMedia,9792,160.90088,830934955397,0.75680,0.17628,160.68724,0.21364,236,1,0.54388,0.40182,1,1.86429,0.14286,0,,0.31562,0.26255,17.28122,1.00273,1,0.65197,0.28734,15.91475,0.99960,1,0,0.00000,24,
0,NewMedia,9810,161.19656,830935877341,0.52418,0.42864,160.96664,0.22992,237,1,0.50658,0.43648,0,1.86429,0.14286,0,,0.31563,0.26475,14.25160,1.03811,0,0.65305,0.28856,14.36727,1.04333,0,63,0.00000,23,
0,NewMedia,9867,162.13307,830938797320,0.53839,0.38569,161.50871,0.62436,238,1,0.47194,0.28833,1,1.86429,0.14286,0,,0.31394,0.25942,16.57731,1.05399,1,0.65065,0.28292,15.05979,1.05065,1,0,0.00000,24,
0,NewMedia,9927,163.11868,830941870408,0.49097,0.27218,162.14944,0.96924,239,1,0.48648,0.23378,1,1.86429,0.14286,0,,0.31397,0.25951,16.79038,1.02665,1,0.65106,0.28358,16.00273,1.02777,1,0,0.00000,24,
0,NewMedia,9963,163.71013,830943714534,0.24701,0.09225,163.18631,0.52382,240,1,0.24018,0.16035,0,1.86429,0.14286,0,,0.30506,0.25585,12.17752,1.02665,0,0.64164,0.27899,14.40692,1.02332,0,64,0.00000,24,
0,NewMedia,10009,164.46669,830946073468,0.54177,0.36318,163.97293,0.49376,241,1,0.55036,0.32797,1,1.86429,0.14286,0,,0.31565,0.26062,15.46753,1.04065,1,0.65294,0.28459,15.02853,1.03265,1,0,0.00000,25,
0,NewMedia,10049,165.12297,830948119721,0.55777,0.28167,164.48245,0.64052,242,1,0.55188,0.26421,1,1.86429,0.14286,0,,0.31529,0.25794,16.32103,1.02665,1,0.65148,0.28183,15.43037,1.02332,1,0,0.00000,25,
0,NewMedia,10096,165.89513,830950527257,0.54857,0.27562,165.13945,0.75568,243,1,0.52192,0.42583,1,1.86429,0.14286,0,,0.31465,0.26026,13.99243,1.04065,1,0.65208,0.28196,15.85325,1.03265,1,0,0.00000,25,
0,NewMedia,10203,167.65298,830956008185,0.53346,0.38514,166.35513,1.29785,244,1,0.50725,0.25842,1,1.86429,0.14286,0,,0.30585,0.26766,16.99916,1.02273,1,0.64276,0.27337,16.15910,1.01940,1,0,0.00000,25,
0,NewMedia,10262,168.62230,830959030466,0.55000,0.26853,167.66936,0.95294,245,1,0.58477,0.26405,1,1.86429,0.14286,0,,0.30549,0.26786,18.24987,1.03999,1,0.64253,0.27527,16.11427,1.03665,1,0,0.00000,24,
0,NewMedia,10284,168.98369,830960157268,0.56747,0.29830,168.63870,0.34499,246,1,0.57296,0.50561,0,1.86429,0.14286,0,,0.30503,0.27574,10.48792,1.03822,0,0.64282,0.27908,11.83455,1.03022,0,66,0.00000,24,
0,NewMedia,10304,169.31218,830961181489,0.78015,0.12283,169.24646,0.06572,247,1,0.58679,0.31404,1,1.86429,0.14286,0,,0.30789,0.26999,16.65207,1.02814,1,0.64395,0.27650,13.40188,1.01622,1,0,0.00000,25,
0,NewMedia,10331,169.75580,830962564670,0.52717,0.39562,169.37794,0.37785,248,1,0.53591,0.41768,1,1.86429,0.14286,0,,0.30467,0.27420,16.27790,1.02665,1,0.64207,0.28057,15.40864,1.02332,1,0,0.00000,25,
0,NewMedia,10383,170.61012,830965228389,0.53949,0.37964,169.77217,0.83795,249,1,0.55632,0.34030,1,1.86429,0.14286,0,,0.30002,0.27608,16.95381,1.04940,1,0.63791,0.27816,15.60302,1.05051,1,0,0.00000,24,
0,NewMedia,10456,171.81252,830968977416,0.54815,0.29999,170.62659,1.18593,250,1,0.51939,0.42773,1,1.86429,0.14286,0,,0.30486,0.27620,16.13039,1.01489,1,0.64221,0.28064,14.64548,1.01156,1,0,0.00000,24,
0,NewMedia,10493,172.41733,830970863203,0.52794,0.39564,171.87502,0.54231,251,1,0.54242,0.36816,1,1.86429,0.14286,0,,0.30506,0.27404,16.59467,1.02665,1,0.64326,0.28006,15.47183,1.02332,1,0,0.00000,24,
0,NewMedia,10509,172.68277,830971690824,0.53720,0.40746,172.43365,0.24911,252,1,0.56015,0.60787,0,1.86429,0.14286,0,,0.30542,0.27670,10.75675,1.02665,0,0.64041,0.28552,6.26833,1.02332,0,67,0.00000,23,
0,NewMedia,10549,173.33722,830973731394,0.53171,0.34639,172.99231,0.34491,253,1,0.46191,0.27587,1,1.86429,0.14286,0,,0.30341,0.26924,16.72008,1.00665,1,0.64104,0.27657,15.78691,1.00332,1,0,0.00000,24,
0,NewMedia,10635,174.75008,830978136606,0.48412,0.29204,173.35367,1.39641,254,1,0.45821,0.35385,0,1.86429,0.14286,0,,0.30529,0.27025,17.07029,1.05865,0,0.64357,0.27812,15.12249,1.05977,0,68,0.00000,24,
0,NewMedia,10708,175.94968,830981876916,0.54821,0.39927,175.11150,0.83818,255,1,0.54870,0.40192,1,1.86429,0.14286,0,,0.30835,0.27141,16.94614,1.01842,1,0.64598,0.28003,15.28220,1.01509,1,0,0.00000,24,
0,NewMedia,10726,176.24504,830982797854,0.55222,0.37371,175.96599,0.27905,256,1,0.53829,0.30557,1,1.86429,0.14286,0,,0.30842,0.26932,16.92670,1.04097,1,0.64631,0.27809,15.53054,1.04175,1,0,0.00000,24,
0,NewMedia,10746,176.57368,830983822559,0.53873,0.33162,176.26143,0.31226,257,1,0.52391,0.37341,1,1.86429,0.14286,0,,0.30862,0.27136,16.85518,1.07732,1,0.64605,0.28020,15.75507,1.06932,1,0,0.00000,24,
0,NewMedia,10844,178.18372,830988842573,0.53578,0.35169,176.59004,1.59367,258,1,0.53340,0.41125,1,1.86429,0.14286,0,,0.30874,0.27193,16.49593,1.01638,1,0.64572,0.28112,14.79507,1.00446,1,0,0.00000,24,
0,NewMedia,10904,179.16939,830991915851,0.52248,0.39518,178.20003,0.96936,259,1,0.52985,0.35540,1,1.86429,0.14286,0,,0.30853,0.27050,16.06741,1.04488,1,0.64648,0.28075,14.94313,1.03688,1,0,0.00000,24,
0,NewMedia,10931,179.61275,830993298215,0.52793,0.38228,179.18578,0.42697,260,1,0.50650,0.30236,1,1.86429,0.14286,0,,0.30868,0.26844,16.00394,1.03554,1,0.64602,0.27898,14.63327,1.03221,1,0,0.00000,24,
0,NewMedia,10982,180.45059,830995910560,0.48353,0.30512,179.62929,0.82130,261,1,0.42894,0.33627,1,1.86429,0.14286,0,,0.30562,0.26875,16.10830,1.00705,1,0.64283,0.27879,14.36183,1.00371,1,0,0.00000,24,
0,NewMedia,10998,180.71361,830996730674,0.43087,0.31549,180.46759,0.24602,262,1,0.44126,0.34143,0,1.86429,0.14286,0,,0.30523,0.27147,13.63521,1.06310,0,0.64281,0.27869,13.99791,1.05977,0,69,0.00000,23,
0,NewMedia,11072,181.92940,831000521414,0.54064,0.36960,181.07507,0.85432,263,1,0.52720,0.41283,1,1.86429,0.14286,0,,0.30896,0.27173,16.26277,1.03703,1,0.64709,0.28114,14.35400,1.03348,1,0,0.00000,24,
0,NewMedia,11099,182.37296,831001904448,0.54367,0.37269,181.94577,0.42719,264,1,0.54988,0.35778,1,1.86429,0.14286,0,,0.30932,0.27077,16.20674,1.02666,1,0.64709,0.28113,14.87404,1.02332,1,0,0.00000,24,
0,NewMedia,11162,183.40791,831005131391,0.55335,0.34557,182.38998,1.01793,265,1,0.50367,0.42135,1,1.86429,0.14286,0,,0.30987,0.27122,15.50940,1.01881,1,0.64733,0.28213,14.07746,1.01156,1,0,0.00000,24,
0,NewMedia,11213,184.24620,831007745113,0.53332,0.37205,183.42427,0.82193,266,1,0.56240,0.31915,1,1.86429,0.14286,0,,0.30927,0.27038,16.39820,1.01430,1,0.64659,0.28056,14.98638,1.01097,1,0,0.00000,24,
0,NewMedia,11258,184.98500,831010048676,0.56183,0.31626,184.26228,0.72272,267,1,0.61379,0.29634,1,1.86429,0.14286,0,,0.31041,0.26952,16.59640,1.02666,1,0.64734,0.27876,14.64600,1.02332,1,0,0.00000,23,
0,NewMedia,11285,185.42870,831011432084,0.59114,0.29548,185.00175,0.42694,268,1,0.57884,0.27900,1,1.86429,0.14286,0,,0.31022,0.26875,16.18910,1.03554,1,0.64674,0.27987,14.92945,1.03221,1,0,0.00000,23,
0,NewMedia,11317,185.95439,831013071185,0.58444,0.28583,185.44505,0.50934,269,1,0.65677,0.50695,0,1.86429,0.14286,0,,0.31066,0.26846,16.12958,1.02666,0,0.64931,0.28261,7.35998,1.02332,0,70,0.00000,23,
0,NewMedia,11361,186.67708,831015324520,0.53934,0.36853,186.26648,0.41060,270,1,0.53309,0.42671,0,1.86429,0.14286,0,,0.30912,0.27322,14.38210,1.04910,0,0.64673,0.28251,13.87445,1.04554,0,71,0.00000,24,
0,NewMedia,11412,187.51505,831017937234,0.52176,0.36506,187.03882,0.47623,271,1,0.49789,0.29039,1,1.86429,0.14286,0,,0.30855,0.26879,15.33843,1.01430,1,0.64538,0.27863,14.50794,1.01097,1,0,0.00000,24,
0,NewMedia,11489,188.78006,831021881527,0.53810,0.35279,187.53145,1.24861,272,1,0.55882,0.51830,1,1.86429,0.14286,0,,0.30968,0.27296,14.20808,1.01430,1,0.64673,0.28129,14.21173,1.01097,1,0,0.00000,24,
0,NewMedia,11531,189.47003,831024032806,0.27162,0.12233,189.19067,0.27936,273,1,0.48755,0.34779,1,1.86429,0.14286,0,,0.30778,0.27091,15.31565,1.01097,1,0.64313,0.28108,14.33937,1.00371,1,0,0.00000,24,
0,NewMedia,11589,190.42291,831027003874,0.54349,0.38412,189.53552,0.88739,274,1,0.56247,0.36900,1,1.86429,0.14286,0,,0.30936,0.27150,15.82866,1.03599,1,0.64694,0.28189,14.82632,1.02799,1,0,0.00000,24,
0,NewMedia,11642,191.29350,831029718327,0.55403,0.33197,190.43959,0.85391,275,1,0.55914,0.36365,1,1.86429,0.14286,0,,0.30972,0.27016,15.92733,1.01430,1,0.64701,0.28118,14.89433,1.01097,1,0,0.00000,24,
0,NewMedia,11673,191.80286,831031306464,0.53191,0.36257,191.31003,0.49283,276,1,0.51318,0.44493,1,1.86429,0.14286,0,,0.30845,0.27222,14.91212,1.01956,1,0.64582,0.28259,13.62474,1.01622,1,0,0.00000,24,
0,NewMedia,11694,192.14803,831032382684,0.54099,0.36988,191.81911,0.32892,277,1,0.55012,0.38270,0,1.86429,0.14286,0,,0.30928,0.27321,14.23388,1.04443,0,0.64683,0.28429,13.63444,1.04110,0,73,0.00000,24,
0,NewMedia,11750,193.06787,831035250703,0.53423,0.38836,192.45998,0.60789,278,1,0.53621,0.35846,1,1.86429,0.14286,0,,0.30863,0.27017,16.36388,1.02666,1,0.64637,0.28067,14.98397,1.02332,1,0,0.00000,25,
0,NewMedia,11808,194.02078,831038221873,0.54443,0.33212,193.08435,0.93643,279,1,0.52919,0.36814,1,1.86429,0.14286,0,,0.30784,0.26960,17.14087,1.02666,1,0.64605,0.28004,16.01081,1.02332,1,0,0.00000,25,
0,NewMedia,11902,195.56491,831043036372,0.54367,0.38317,194.43146,1.13345,280,1,0.55398,0.34473,1,1.86429,0.14286,0,,0.30990,0.26982,16.79358,1.04999,1,0.64749,0.28126,15.01327,1.04666,1,0,0.00000,25,
0,NewMedia,11920,195.86081,831043959003,0.57457,0.31015,195.58156,0.27925,281,1,0.60714,0.27125,1,1.86429,0.14286,0,,0.31129,0.26739,16.71173,1.03273,1,0.64840,0.28013,15.33596,1.02940,1,0,0.00000,25,
0,NewMedia,11956,196.45215,831045802770,0.60661,0.27923,195.87717,0.57498,282,1,0.63540,0.28553,1,1.86429,0.14286,0,,0.31193,0.26888,17.63149,1.04066,1,0.64887,0.28025,16.05924,1.03732,1,0,0.00000,25,
0,NewMedia,11974,196.74779,831046724569,0.64568,0.25924,196.46854,0.27925,283,1,0.77062,0.07920,1,1.86429,0.14286,0,,0.31689,0.25982,18.21181,1.03175,1,0.65214,0.27189,16.14900,1.02842,1,0,0.00000,25,
0,NewMedia,11990,197.01050,831047543676,0.69467,0.20517,196.81363,0.19687,284,1,0.53823,0.41167,1,1.86429,0.14286,0,,0.30907,0.27119,15.53227,1.04066,1,0.64548,0.28291,14.04836,1.03732,1,0,0.00000,25,
0,NewMedia,12012,197.37212,831048671189,0.52472,0.41501,197.07639,0.29573,285,1,0.53233,0.39813,0,1.86429,0.14286,0,,0.30862,0.27218,14.99551,0.99920,0,0.64631,0.28241,13.75314,0.99195,0,75,0.00000,25,
0,NewMedia,12072,198.35788,831051744734,0.52798,0.38399,197.68428,0.67360,286,1,0.55383,0.33498,1,1.86429,0.14286,0,,0.30876,0.26987,16.73547,1.03132,1,0.64646,0.28111,15.53573,1.02799,1,0,0.00000,25,
0,NewMedia,12177,200.08420,831057127325,0.48827,0.41658,198.37422,1.70998,287,1,0.50761,0.44410,1,1.86429,0.14286,0,,0.30820,0.27402,19.01133,1.02666,1,0.64626,0.28452,16.73199,1.02332,1,0,0.00000,23,
0,NewMedia,12193,200.34572,831057942772,0.49988,0.50005,200.09932,0.24640,288,1,0.57635,0.94126,0,1.86429,0.14286,0,,0.30736,0.27546,17.28229,1.02666,0,0.64554,0.28880,7.78373,1.02332,0,76,0.00000,23,
0,NewMedia,12228,200.92068,831059735471,0.55679,0.44384,200.70705,0.21364,289,1,0.53057,0.39187,1,1.86429,0.14286,0,,0.30919,0.27070,15.98667,1.03110,1,0.64640,0.28140,14.51768,1.03221,1,0,0.00000,24,
0,NewMedia,12282,201.80782,831062501510,0.53410,0.39986,200.93706,0.87076,290,1,0.54124,0.33887,1,1.86429,0.14286,0,,0.30985,0.26990,16.51310,1.05054,1,0.64761,0.28098,15.08752,1.05132,1,0,0.00000,23,
0,NewMedia,12305,202.18614,831063681135,0.53752,0.38191,201.82433,0.36182,291,1,0.55674,0.43792,1,1.86429,0.14286,0,,0.30950,0.27329,16.07960,1.04066,1,0.64690,0.28536,14.93608,1.03732,1,0,0.00000,23,
0,NewMedia,12348,202.89223,831065882671,0.55165,0.44199,202.20230,0.68993,292,1,0.51539,0.45970,1,1.86429,0.14286,0,,0.30960,0.27286,16.23314,1.02666,1,0.64771,0.28541,15.01665,1.02332,1,0,0.00000,22,
0,NewMedia,12369,203.23724,831066958406,0.54983,0.44673,202.90860,0.32864,293,1,0.56156,0.46841,1,1.86429,0.14286,0,,0.31087,0.27279,16.68933,1.02666,1,0.64825,0.28512,15.74026,1.02332,1,0,0.00000,22,
0,NewMedia,12395,203.66426,831068289805,0.57385,0.47229,203.25357,0.41069,294,1,0.83990,0.79416,1,1.86429,0.14286,0,,0.31038,0.27587,13.66691,1.02666,0,0.64779,0.28814,8.35880,1.02332,1,0,0.00000,22,
0,NewMedia,12505,205.47136,831073924272,0.53406,0.38888,204.17349,1.29787,295,1,0.52848,0.34954,1,1.86429,0.14286,0,,0.30966,0.26833,15.96700,1.03999,1,0.64781,0.28174,14.78978,1.03666,1,0,0.00000,21,
0,NewMedia,12556,206.31297,831076548379,0.52998,0.35757,205.48788,0.82509,296,1,0.54356,0.33109,1,1.86429,0.14286,0,,0.31095,0.26810,16.48758,1.05399,1,0.64864,0.28237,15.65800,1.04599,1,0,0.00000,21,
0,NewMedia,12601,207.04863,831078842156,0.54108,0.39766,206.32568,0.72295,297,1,0.51564,0.45780,1,1.86429,0.14286,0,,0.31076,0.27140,15.60685,1.02286,1,0.64819,0.28199,14.08197,1.02398,1,0,0.00000,21,
0,NewMedia,12660,208.01791,831081864344,0.54217,0.40107,207.40994,0.60797,298,1,0.55729,0.43677,1,1.86429,0.14286,0,,0.31018,0.27225,14.81774,1.02273,1,0.64827,0.28426,14.19119,1.02384,1,0,0.00000,21,
0,NewMedia,12702,208.70778,831084015279,0.54985,0.42538,208.03427,0.67351,299,1,0.53932,0.39438,1,1.86429,0.14286,0,,0.31098,0.26869,15.31489,1.03599,1,0.64820,0.28217,14.30155,1.03751,1,0,0.00000,21,
0,NewMedia,12733,209.21703,831085603121,0.53050,0.36263,208.72414,0.49289,300,1,0.53478,0.41054,1,1.86429,0.14286,0,,0.31138,0.26974,14.45188,1.02666,1,0.64859,0.28352,13.78468,1.02332,1,0,0.00000,21,
0,NewMedia,12751,209.51283,831086525438,0.52013,0.39913,209.23351,0.27933,301,1,0.49576,0.66189,0,1.86429,0.14286,0,,0.31110,0.27040,14.72336,1.00607,0,0.64822,0.28697,9.40142,1.00273,0,79,0.00000,21,
0,NewMedia,12818,210.61357,831089957502,0.53906,0.41633,209.82491,0.78867,302,1,0.62235,0.45492,1,1.86429,0.14286,0,,0.31306,0.27238,15.82109,1.04170,1,0.65041,0.28485,15.43247,1.03445,1,0,0.00000,21,
0,NewMedia,12823,210.69566,831090213440,0.59117,0.40097,210.62999,0.06567,303,1,0.56734,0.21460,1,1.86429,0.14286,0,,0.31235,0.27314,12.13517,1.02254,1,0.64992,0.28180,12.37227,1.01062,1,0,0.00000,21,
0,NewMedia,12872,211.50084,831092723940,0.58777,0.40912,211.05711,0.44373,304,1,0.59178,0.38150,1,1.86429,0.14286,0,,0.31249,0.27015,16.48051,1.02815,1,0.65006,0.28104,15.21062,1.02015,1,0,0.00000,22,
0,NewMedia,12922,212.32210,831095284585,0.57291,0.39583,211.51715,0.80495,305,1,0.54660,0.46579,1,1.86429,0.14286,0,,0.31210,0.27282,17.13598,1.04066,1,0.64963,0.28352,16.46687,1.03266,1,0,0.00000,22,
0,NewMedia,12969,213.09480,831097693862,0.53656,0.42590,212.33833,0.75647,306,1,0.52323,0.48538,0,1.86429,0.14286,0,,0.30973,0.27737,9.75312,1.02666,0,0.64796,0.28843,9.42651,1.02332,0,81,0.00000,21,
0,NewMedia,13040,214.26071,831101329104,0.53748,0.40477,213.35706,0.90366,307,1,0.52109,0.45603,1,1.86429,0.14286,0,,0.30961,0.27342,16.24891,1.01579,1,0.64811,0.28479,15.01979,1.00387,1,0,0.00000,21,
0,NewMedia,13064,214.65500,831102558497,0.52859,0.45311,214.27704,0.37796,308,1,0.59073,0.40472,1,1.86429,0.14286,0,,0.31049,0.27328,16.37754,1.03242,1,0.64881,0.28475,15.67624,1.03320,1,0,0.00000,21,
0,NewMedia,13078,214.88506,831103275782,0.54970,0.51948,214.67133,0.21373,309,1,0.51947,0.55273,1,1.86429,0.14286,0,,0.31049,0.27509,15.57390,1.03599,1,0.64908,0.28790,15.18617,1.03266,1,0,0.00000,21,
0,NewMedia,13101,215.26280,831104453581,0.53017,0.51593,214.90137,0.36143,310,1,0.56594,0.44991,1,1.86429,0.14286,0,,0.30994,0.27165,16.23623,1.02254,1,0.64823,0.28375,14.85064,1.02332,1,0,0.00000,21,
0,NewMedia,13142,215.93628,831106553486,0.53654,0.41239,215.28038,0.65590,311,1,0.53304,0.38081,1,1.86429,0.14286,0,,0.31112,0.26892,15.38619,1.02666,1,0.64890,0.28168,14.33282,1.02332,1,0,0.00000,21,
0,NewMedia,13167,216.34811,831107837561,0.52688,0.39352,215.95279,0.39532,312,1,0.57137,0.48746,1,1.86429,0.14286,0,,0.31229,0.27337,14.86398,1.04443,1,0.65066,0.28605,14.64744,1.04554,1,0,0.00000,21,
0,NewMedia,13190,216.72490,831109012344,0.54289,0.44719,216.36874,0.35616,313,1,0.53033,0.39776,1,1.86429,0.14286,0,,0.31165,0.26875,16.10606,1.02666,1,0.64937,0.28287,15.63402,1.02332,1,0,0.00000,21,
0,NewMedia,13219,217.20137,831110497965,0.53024,0.39639,216.74136,0.46001,314,1,0.52688,0.31174,1,1.86429,0.14286,0,,0.31079,0.26781,16.42309,1.02273,1,0.64790,0.28055,14.90547,1.01548,1,0,0.00000,21,
0,NewMedia,13284,218.26921,831113827454,0.52411,0.34479,217.21790,1.05132,315,1,0.55379,0.40922,1,1.86429,0.14286,0,,0.31083,0.26902,15.88123,1.01489,1,0.64834,0.28203,14.20032,1.01156,1,0,0.00000,20,
0,NewMedia,13334,219.09309,831116396280,0.52967,0.39651,218.28558,0.80751,316,1,0.51193,0.58604,1,1.86429,0.14286,0,,0.31075,0.27126,13.67241,0.99371,1,0.64883,0.28236,13.15228,0.99450,1,0,0.00000,20,
0,NewMedia,13377,219.79704,831118591156,0.55881,0.39996,219.40308,0.39397,317,1,0.57200,0.43029,1,1.86429,0.14286,0,,0.31288,0.26993,16.86915,1.03607,1,0.65059,0.28355,16.14743,1.03718,1,0,0.00000,21,
0,NewMedia,13416,220.43776,831120588872,0.57685,0.41827,219.81351,0.62425,318,1,0.55774,0.44130,1,1.86429,0.14286,0,,0.31160,0.27127,17.11994,1.01489,1,0.64969,0.28420,15.79021,1.01156,1,0,0.00000,21,
0,NewMedia,13468,221.29260,831123254272,0.57898,0.41803,220.45424,0.83836,319,1,0.55363,0.56628,1,1.86429,0.14286,0,,0.31250,0.27183,14.62691,1.02666,1,0.65018,0.28256,13.85546,1.02332,1,0,0.00000,20,
0,NewMedia,13507,221.93318,831125251563,0.61795,0.31389,221.70276,0.23042,320,1,0.86757,0.08451,1,1.86429,0.14286,0,,0.32137,0.25881,16.69674,1.03364,1,0.65720,0.27267,14.41459,1.02638,1,0,0.00000,20,
0,NewMedia,13535,222.39288,831126684898,0.82242,0.12991,221.99850,0.39438,321,1,0.55147,0.39788,1,1.86429,0.14286,0,,0.31061,0.27085,14.34484,1.03666,1,0.64607,0.28262,10.65190,1.03744,1,0,0.00000,20,
0,NewMedia,13583,223.18140,831129143446,0.54918,0.38646,222.45856,0.72284,322,1,0.59831,0.29656,1,1.86429,0.14286,0,,0.31320,0.26602,16.23820,1.01058,1,0.65023,0.27893,14.93586,1.01136,1,0,0.00000,20,
0,NewMedia,13619,223.77272,831130987148,0.61485,0.28959,223.19775,0.57497,323,1,0.65172,0.31257,1,1.86429,0.14286,0,,0.31376,0.26637,17.02669,1.02666,1,0.65133,0.27985,16.13900,1.02332,1,0,0.00000,20,
0,NewMedia,13646,224.21634,831132370358,0.63400,0.31795,223.78923,0.42711,324,1,0.56717,0.33244,1,1.86429,0.14286,0,,0.31184,0.26662,15.79195,1.02666,1,0.64954,0.28059,15.14848,1.02332,1,0,0.00000,19,
0,NewMedia,13671,224.62698,831133650727,0.54655,0.38816,224.23270,0.39429,325,1,0.52687,0.40339,1,1.86429,0.14286,0,,0.31202,0.26969,15.44829,1.05932,1,0.64956,0.28181,14.82228,1.05132,1,0,0.00000,19,
0,NewMedia,13743,225.80989,831137338960,0.55319,0.35670,225.03773,0.77216,326,1,0.49961,0.36876,1,1.86429,0.14286,0,,0.30978,0.26990,16.59941,1.02254,1,0.64756,0.28263,15.32157,1.01920,1,0,0.00000,20,
0,NewMedia,13801,226.76265,831140309648,0.47944,0.41541,225.82654,0.93611,327,1,0.52388,0.41184,1,1.86429,0.14286,0,,0.31119,0.26932,15.50124,1.04066,1,0.64892,0.28366,14.42147,1.03266,1,0,0.00000,19,
0,NewMedia,13836,227.33781,831142102951,0.53609,0.40514,226.77916,0.55865,328,1,0.54416,0.51801,0,1.86429,0.14286,0,,0.31217,0.27213,14.06344,1.02273,0,0.64989,0.28514,12.02315,1.01940,0,85,0.00000,19,
0,NewMedia,13908,228.52069,831145791150,0.54740,0.37554,227.64990,0.87079,329,1,0.57186,0.34386,1,1.86429,0.14286,0,,0.31199,0.26691,17.52572,1.02666,1,0.65014,0.28075,16.60412,1.02332,1,0,0.00000,20,
0,NewMedia,13965,229.45699,831148710458,0.55113,0.35233,228.53726,0.91972,330,1,0.53343,0.38741,0,1.86429,0.14286,0,,0.31208,0.26954,16.15311,1.02254,0,0.64965,0.28149,16.41312,1.02332,0,86,0.00000,19,
0,NewMedia,14071,231.19864,831154140872,0.53172,0.38569,229.86774,1.33090,331,1,0.52699,0.27925,1,1.86429,0.14286,0,,0.31128,0.26448,17.56519,1.04289,1,0.64840,0.27729,16.16130,1.03489,1,0,0.00000,20,
0,NewMedia,14133,232.21707,831157316302,0.54484,0.32175,231.21492,1.00215,332,1,0.54905,0.53160,0,1.86429,0.14286,0,,0.31273,0.27533,7.82111,1.02666,0,0.65063,0.28297,9.94964,1.02332,0,87,0.00000,20,
0,NewMedia,14162,232.69350,831158801764,0.75867,0.15428,232.47966,0.21384,333,1,0.56149,0.36431,1,1.86429,0.14286,0,,0.31206,0.26808,16.46923,1.02666,1,0.64892,0.28107,15.37235,1.02332,1,0,0.00000,21,
0,NewMedia,14196,233.25194,831160542953,0.53731,0.38339,232.75966,0.49228,334,1,0.51730,0.42281,0,1.86429,0.14286,0,,0.31089,0.27357,12.67804,1.03999,0,0.64912,0.28475,13.29462,1.04110,0,88,0.00000,20,
0,NewMedia,14241,233.99136,831162848465,0.52767,0.35764,233.56419,0.42717,335,1,0.49843,0.27311,1,1.86429,0.14286,0,,0.30913,0.26591,16.83503,1.03110,1,0.64680,0.27826,15.41877,1.02385,1,0,0.00000,21,
0,NewMedia,14295,234.87840,831165614217,0.48076,0.31337,234.00768,0.87073,336,1,0.52077,0.26483,1,1.86429,0.14286,0,,0.30929,0.26494,17.29774,1.03607,1,0.64757,0.27739,16.19900,1.03273,1,0,0.00000,21,
0,NewMedia,14310,235.12488,831166382724,0.52275,0.35555,234.89497,0.22990,337,1,0.52740,0.43761,1,1.86429,0.14286,0,,0.31080,0.27029,16.69681,1.01489,1,0.64878,0.28250,15.06085,1.01156,1,0,0.00000,20,
0,NewMedia,14340,235.61772,831167919389,0.53214,0.39897,235.14124,0.47649,338,1,0.52690,0.37750,0,1.86429,0.14286,0,,0.31126,0.26928,15.43988,1.04532,0,0.64949,0.28162,14.61572,1.04199,0,89,0.00000,20,
0,NewMedia,14401,236.61987,831171044053,0.53558,0.36716,235.97925,0.64063,339,1,0.46587,0.39856,1,1.86429,0.14286,0,,0.31044,0.27031,15.90937,1.02764,1,0.64854,0.28361,14.36472,1.02430,1,0,0.00000,21,
0,NewMedia,14454,237.49059,831173758867,0.48404,0.40533,236.63644,0.85414,340,1,0.46549,0.48280,0,1.86429,0.14286,0,,0.30920,0.27183,15.47703,1.02666,0,0.64747,0.28353,14.37596,1.02332,0,90,0.00000,21,
0,NewMedia,14491,238.09854,831175654483,0.53111,0.36772,237.85202,0.24652,341,1,0.39277,0.15255,1,1.86429,0.14286,0,,0.30791,0.26376,14.99014,1.06266,1,0.64481,0.27705,14.67619,1.05932,1,0,0.00000,22,
0,NewMedia,14514,238.47632,831176832341,0.27550,0.10514,238.16420,0.31212,342,1,0.44756,0.32054,1,1.86429,0.14286,0,,0.31012,0.26760,14.73021,1.03132,1,0.64611,0.28075,13.17241,1.02332,1,0,0.00000,22,
0,NewMedia,14565,239.31427,831179445073,0.53844,0.38174,238.54201,0.77226,343,1,0.55532,0.33542,1,1.86429,0.14286,0,,0.31232,0.26641,15.17862,1.03208,1,0.64955,0.28100,14.47290,1.03319,1,0,0.00000,22,
0,NewMedia,14603,239.93839,831181391043,0.55491,0.32671,239.33061,0.60777,344,1,0.55029,0.38163,1,1.86429,0.14286,0,,0.31284,0.26772,16.47835,1.06399,1,0.65026,0.28165,15.03674,1.05599,1,0,0.00000,22,
0,NewMedia,14616,240.15202,831182057129,0.55757,0.38409,239.95479,0.19724,345,1,0.56064,0.43998,0,1.86429,0.14286,0,,0.31269,0.27065,12.86352,1.08297,0,0.65053,0.28263,14.67721,1.07941,0,91,0.00000,22,
0,NewMedia,14650,240.71263,831183805084,0.72099,0.74413,240.51357,0.19907,346,1,0.49431,0.37438,1,1.86429,0.14286,0,,0.31200,0.26762,16.56650,1.05466,1,0.64822,0.28116,14.68789,1.04666,1,0,0.00000,23,
0,NewMedia,14720,241.86052,831187384163,0.54621,0.38589,240.77628,1.08424,347,1,0.58379,0.29790,1,1.86429,0.14286,0,,0.31318,0.26465,17.49636,1.02666,1,0.65052,0.27795,15.68802,1.02332,1,0,0.00000,22,
0,NewMedia,14771,242.69833,831189996429,0.58115,0.31593,241.87698,0.82135,348,1,0.45368,0.56749,1,1.86429,0.14286,0,,0.31283,0.27295,7.80964,1.04066,1,0.65216,0.28227,9.76196,1.03732,1,0,0.00000,22,
0,NewMedia,14806,243.27333,831191789226,0.57655,0.35659,243.01295,0.26038,349,1,0.54560,0.43630,1,1.86429,0.14286,0,,0.31243,0.26810,16.64658,1.01842,1,0.65069,0.28316,15.85798,1.01509,1,0,0.00000,23,
0,NewMedia,14820,243.50333,831192506335,0.52431,0.43140,243.28984,0.21349,350,1,0.49539,0.53363,0,1.86429,0.14286,0,,0.31294,0.27529,9.90417,1.03132,0,0.65009,0.28332,12.90011,1.02332,0,93,0.00000,23,
0,NewMedia,14860,244.16064,831194555861,0.55330,0.38064,243.81558,0.34506,351,1,0.55374,0.35015,1,1.86429,0.14286,0,,0.31298,0.26670,15.72838,0.99920,1,0.65096,0.28066,15.25390,0.99195,1,0,0.00000,24,
0,NewMedia,14946,245.57341,831198960779,0.52173,0.34969,244.17699,1.39642,352,1,0.53066,0.36032,1,1.86429,0.14286,0,,0.31041,0.26764,17.07360,1.00313,1,0.64927,0.27981,15.37468,0.99587,1,0,0.00000,24,
0,NewMedia,15057,247.39702,831204646743,0.54260,0.38629,246.08344,1.31358,353,1,0.56778,0.45022,1,1.86429,0.14286,0,,0.31347,0.27196,18.07211,1.03587,1,0.65161,0.28414,16.63781,1.03666,1,0,0.00000,23,
0,NewMedia,15122,248.46489,831207976302,0.57627,0.40459,247.41338,1.05151,354,1,0.60476,0.38481,1,1.86429,0.14286,0,,0.31426,0.27195,17.47340,1.04999,1,0.65177,0.28477,17.02670,1.04199,1,0,0.00000,23,
0,NewMedia,15132,248.62910,831208488320,0.60176,0.44595,248.48123,0.14787,355,1,0.59547,0.53690,0,1.86429,0.14286,0,,0.31444,0.27436,15.44873,1.03356,0,0.65179,0.28660,14.66496,1.02164,0,95,0.00000,23,
0,NewMedia,15216,250.00909,831212791103,0.55204,0.39919,248.99046,1.01863,356,1,0.59569,0.42486,1,1.86429,0.14286,0,,0.31203,0.27000,16.17143,1.02666,1,0.65101,0.28342,15.60364,1.02777,1,0,0.00000,23,
0,NewMedia,15237,250.35410,831213866772,0.57310,0.38827,250.02560,0.32849,357,1,0.51784,0.34445,1,1.86429,0.14286,0,,0.31096,0.26792,16.41213,1.03132,1,0.64899,0.28080,15.23003,1.02799,1,0,0.00000,23,
0,NewMedia,15273,250.94568,831215711261,0.52055,0.33180,250.37045,0.57523,358,1,0.55049,0.35525,1,1.86429,0.14286,0,,0.31005,0.26757,17.06994,1.01897,1,0.64837,0.28082,15.39587,1.01541,1,0,0.00000,23,
0,NewMedia,15298,251.35617,831216991159,0.77711,0.07697,251.30743,0.04874,359,1,0.68345,0.20776,1,1.86429,0.14286,0,,0.31624,0.26278,16.43763,1.05332,1,0.65282,0.27765,13.93061,1.04999,1,0,0.00000,24,
0,NewMedia,15384,252.76901,831221396386,0.54667,0.38957,251.42334,1.34567,360,1,0.54808,0.31989,1,1.86429,0.14286,0,,0.31040,0.26611,16.19483,1.01019,1,0.64769,0.27875,14.81220,1.01097,1,0,0.00000,23,
0,NewMedia,15433,253.57401,831223906342,0.54723,0.27867,252.78552,0.78848,361,1,0.56351,0.26444,1,1.86429,0.14286,0,,0.31213,0.26542,16.87749,1.04066,1,0.64881,0.27929,15.61182,1.03266,1,0,0.00000,23,
0,NewMedia,15447,253.80408,831224623648,0.57077,0.30705,253.59048,0.21359,362,1,0.55793,0.38468,0,1.86429,0.14286,0,,0.31138,0.26646,16.26779,1.01019,0,0.64934,0.27943,15.21674,1.00685,0,97,0.00000,23,
0,NewMedia,15479,254.32974,831226262692,0.75857,0.15404,254.11609,0.21365,363,1,0.55981,0.34828,1,1.86429,0.14286,0,,0.31251,0.26844,15.21638,1.04066,1,0.64911,0.28167,14.49781,1.03732,1,0,0.00000,24,
0,NewMedia,15544,255.39749,831229591819,0.54797,0.37723,254.39551,1.00198,364,1,0.56547,0.30730,1,1.86429,0.14286,0,,0.31040,0.26787,16.14883,1.02666,1,0.64776,0.28038,14.74474,1.02332,1,0,0.00000,23,
0,NewMedia,15564,255.72629,831230617052,0.54756,0.35436,255.41409,0.31219,365,1,0.52548,0.38752,0,1.86429,0.14286,0,,0.31062,0.27058,13.87957,1.01019,0,0.64771,0.28191,14.01433,1.00685,0,98,0.00000,23,
0,NewMedia,15628,256.77759,831233894992,0.53888,0.34966,255.98917,0.78842,366,1,0.66956,0.47152,0,1.86429,0.14286,0,,0.31437,0.26879,12.02729,1.02666,0,0.65162,0.28056,11.65877,1.02332,0,99,0.00000,24,
0,NewMedia,15660,257.30331,831235534144,0.80755,0.10951,257.04047,0.26285,367,1,0.66897,0.19315,1,1.86429,0.14286,0,,0.31584,0.26418,16.29323,1.01450,1,0.65190,0.27719,14.03861,1.01528,1,0,0.00000,25,
0,NewMedia,15683,257.68121,831236712407,0.57052,0.34480,257.37006,0.31116,368,1,0.54704,0.38537,1,1.86429,0.14286,0,,0.31131,0.27088,15.56552,1.04443,1,0.64918,0.28350,14.46746,1.04554,1,0,0.00000,24,
0,NewMedia,15709,258.10818,831238043707,0.56715,0.37639,257.69769,0.41049,369,1,0.60067,0.39121,1,1.98155,0.22000,0,,0.31488,0.26892,15.69963,1.01489,1,0.65270,0.28305,15.37113,1.01156,1,0,0.00000,24,
0,NewMedia,15724,258.35544,831238814621,0.57893,0.44625,258.12482,0.23062,370,1,0.49102,0.87939,1,2.10179,0.13714,0,,0.31208,0.29025,13.37021,1.05073,1,0.64941,0.30217,13.70925,1.03881,1,0,0.00000,24,
0,NewMedia,15741,258.63458,831239685005,0.50612,1.00732,258.42062,0.21396,371,1,0.53120,1.08735,1,1.85119,0.08571,0,,0.31223,0.29630,14.17536,1.03587,1,0.65117,0.30849,14.25740,1.03666,1,0,0.00000,24,
0,NewMedia,15750,258.78192,831240144401,0.51240,1.11024,258.65042,0.13150,372,1,0.50211,1.18228,0,1.66250,0.04571,0,,0.31294,0.29860,10.64738,1.02666,0,0.65098,0.31008,11.28994,1.02332,0,100,0.00000,24,
0,NewMedia,15778,259.24191,831241578637,0.73904,0.22908,259.04477,0.19714,373,1,0.85835,0.13239,1,1.69583,0.07143,0,,0.32279,0.25941,19.05026,1.00889,1,0.65882,0.27350,17.61950,1.00089,1,0,0.00000,25,
0,NewMedia,15804,259.66937,831242911378,0.59675,0.73576,259.40616,0.26321,374,1,0.74649,0.84816,1,1.48036,0.20762,0,,0.32442,0.28601,16.50530,1.00254,1,0.66072,0.29671,16.56047,0.99920,1,0,0.00000,25,
0,NewMedia,15822,259.96475,831243832419,0.81446,0.79644,259.73462,0.23013,375,1,0.92845,0.55293,1,1.24167,0.27333,0,,0.32347,0.27616,16.94295,1.03132,1,0.65800,0.28177,16.34051,1.02332,1,0,0.00000,25,
0,NewMedia,15840,260.26050,831244754523,0.88476,0.41152,260.03052,0.22998,376,1,0.91416,0.48333,1,1.09643,0.21524,0,,0.32268,0.27638,18.08967,1.02085,1,0.65868,0.28413,16.44836,1.02164,1,0,0.00000,25,
0,NewMedia,15860,260.58899,831245778699,0.83062,0.42586,260.27686,0.31213,377,1,0.84243,0.38401,1,0.98393,0.13524,0,,0.32207,0.27161,17.36432,0.99920,1,0.65826,0.27993,16.42203,0.99195,1,0,0.00000,25,
0,NewMedia,15880,260.91760,831246803350,0.85699,0.40419,260.60535,0.31226,378,1,0.70977,0.52283,1,0.93393,0.12667,0,,0.31725,0.27660,17.30483,1.02422,1,0.65353,0.28595,16.35204,1.02089,1,0,0.00000,24,
0,NewMedia,15904,261.31186,831248032626,0.73194,0.49336,260.98334,0.32852,379,1,0.79993,0.45303,1,0.82857,0.11619,0,,0.32097,0.27556,17.88960,1.02666,1,0.65687,0.28585,17.23604,1.02332,1,0,0.00000,24,
0,NewMedia,15925,261.65686,831249108296,0.77864,0.43553,261.32834,0.32852,380,1,0.67649,0.28724,1,0.76012,0.10190,0,,0.31608,0.26598,18.25676,1.01430,1,0.65227,0.27616,16.42865,1.01509,1,0,0.00000,24,
0,NewMedia,15945,261.98547,831250132885,0.63907,0.21757,261.72260,0.26288,381,1,0.64078,0.10797,1,0.72917,0.09905,0,,0.31920,0.25586,18.09842,1.03673,1,0.65546,0.26830,16.25707,1.03340,1,0,0.00000,24,
0,NewMedia,15964,262.29794,831251107188,0.56839,0.11584,262.05124,0.24670,382,1,0.54810,0.14012,1,0.69405,0.09429,0,,0.31796,0.25469,17.61362,0.99097,1,0.65513,0.26883,16.35167,0.98371,1,0,0.00000,24,
0,NewMedia,16000,262.89005,831252953335,0.26634,0.11947,262.36331,0.52673,383,1,0.27553,0.16776,1,0.68452,0.09333,0,,0.30523,0.25787,16.86956,0.97803,1,0.64120,0.26756,16.88332,0.97489,1,0,0.00000,24,
0,NewMedia,16045,263.63055,831255262187,0.55026,0.40325,263.29971,0.33084,384,1,0.56334,0.41562,1,1.22917,0.26190,0,,0.31604,0.26522,17.18414,1.03999,1,0.65469,0.27818,15.63332,1.03666,1,0,0.00000,25,
0,NewMedia,16053,263.75986,831255665340,0.54963,0.48263,263.64474,0.11511,385,1,0.55434,0.51769,0,1.51786,0.34762,0,,0.31598,0.26533,15.87165,0.99842,0,0.65403,0.27884,15.97547,0.99509,0,102,0.00000,25,
0,NewMedia,16256,267.09485,831266063741,0.59860,0.46526,266.83188,0.26297,386,1,0.67880,0.44750,1,2.13988,0.34952,0,,0.32194,0.26483,18.34919,1.05541,1,0.65803,0.28232,17.08812,1.05186,1,0,0.00000,25,
0,NewMedia,16273,267.37399,831266934054,0.67598,0.43137,267.11136,0.26263,387,1,0.58915,0.24521,1,2.13988,0.34952,0,,0.31615,0.25523,17.88960,1.02422,1,0.65250,0.27309,16.16586,1.02089,1,0,0.00000,25,
0,NewMedia,16294,267.71918,831268010369,0.52486,0.22988,267.43970,0.27948,388,1,0.28957,0.13500,1,2.13988,0.34952,0,,0.30502,0.24581,19.11618,1.01489,1,0.64154,0.26517,18.49921,1.01156,1,0,0.00000,24,
0,NewMedia,16305,267.89984,831268573644,0.28092,0.18873,267.78485,0.11499,389,1,0.37494,0.44662,1,2.13988,0.34952,0,,0.30746,0.26328,15.66852,1.04920,1,0.64381,0.28253,14.69281,1.04999,1,0,0.00000,24,
0,NewMedia,16379,269.11566,831272364568,0.53655,0.37457,268.55682,0.55884,390,1,0.55548,0.35330,1,2.13988,0.34952,0,,0.31415,0.25922,17.98154,1.01659,1,0.65178,0.27751,16.70198,1.01711,1,0,0.00000,25,
0,NewMedia,16445,270.19968,831275744414,0.54221,0.35204,269.13184,1.06784,391,1,0.57264,0.34242,1,2.13988,0.34952,0,,0.31672,0.26244,20.76621,1.03554,1,0.65408,0.27701,17.70931,1.03221,1,0,0.00000,24,
0,NewMedia,16461,270.46252,831276564012,0.55431,0.40463,270.21616,0.24637,392,1,0.50767,0.65134,0,2.13988,0.34952,0,,0.31542,0.27298,7.92543,1.02666,0,0.65347,0.28644,7.41392,1.02332,0,104,0.00000,24,
0,NewMedia,16566,272.18768,831281942946,0.53803,0.40377,270.82404,1.36365,393,1,0.52492,0.36044,1,2.13988,0.34952,0,,0.31440,0.26287,17.71303,1.00195,1,0.65172,0.27615,15.26508,0.99470,1,0,0.00000,24,
0,NewMedia,16612,272.94391,831284300858,0.48125,0.30892,272.20425,0.73965,394,1,0.48583,0.29495,1,2.13988,0.34952,0,,0.31266,0.26055,17.70332,1.02666,1,0.64949,0.27493,15.90050,1.02332,1,0,0.00000,24,
0,NewMedia,16630,273.23901,831285220999,0.48164,0.28868,272.95990,0.27911,395,1,0.48908,0.49199,0,2.13988,0.34952,0,,0.31185,0.26475,9.97224,1.02666,0,0.64952,0.27490,14.07412,1.02332,0,105,0.00000,24,
0,NewMedia,16701,274.40549,831288858036,0.53702,0.37890,273.69974,0.70575,396,1,0.53856,0.31810,1,2.13988,0.34952,0,,0.31623,0.26156,16.85291,1.03999,1,0.65391,0.28052,15.55701,1.03666,1,0,0.00000,24,
0,NewMedia,16737,274.99686,831290701881,0.53180,0.35825,274.42191,0.57495,397,1,0.52788,0.41573,1,2.13988,0.34952,0,,0.31620,0.26726,17.44208,1.04466,1,0.65497,0.28453,15.76795,1.04132,1,0,0.00000,24,
0,NewMedia,16786,275.80191,831293211979,0.53832,0.44906,275.01355,0.78836,398,1,0.49521,0.45202,1,2.13988,0.34952,0,,0.31661,0.26974,17.52617,1.02666,1,0.65421,0.28494,16.36359,1.02332,1,0,0.00000,24,
0,NewMedia,16845,276.77133,831296234587,0.54696,0.42519,276.16348,0.60785,399,1,0.42276,0.38042,1,2.13988,0.34952,0,,0.31268,0.26647,18.46931,1.06310,1,0.65059,0.28214,16.52359,1.05510,1,0,0.00000,25,
0,NewMedia,16863,277.06680,831297155903,0.48541,0.39813,276.78754,0.27927,400,1,0.55885,0.42725,1,2.13988,0.34952,0,,0.31902,0.26449,17.01509,1.00269,1,0.65696,0.28364,15.45181,0.99936,1,0,0.00000,25,
0,NewMedia,16882,277.37894,831298129066,0.53491,0.40728,277.08344,0.29550,401,1,0.53610,0.53270,0,2.13988,0.34952,0,,0.31086,0.27169,13.41697,1.05097,0,0.64845,0.27759,13.36925,1.05175,0,107,0.00000,25,
0,NewMedia,16946,278.43042,831301407548,0.53702,0.38046,277.78964,0.64078,402,1,0.48359,0.27193,1,2.13988,0.34952,0,,0.30309,0.27199,16.26692,1.07688,1,0.63983,0.27827,15.38072,1.07799,1,0,0.00000,26,
0,NewMedia,17063,280.35257,831307400781,0.46118,0.29035,278.49619,1.85638,403,1,0.48528,0.24652,1,2.13988,0.34952,0,,0.30190,0.27480,17.93159,1.02666,1,0.63779,0.28532,16.29317,1.02332,1,0,0.00000,25,
0,NewMedia,17087,280.74670,831308629624,0.53626,0.36316,280.36896,0.37775,404,1,0.53760,0.39907,1,2.13988,0.34952,0,,0.29429,0.28820,16.80175,1.04954,1,0.63076,0.28895,15.01697,1.05066,1,0,0.00000,25,
0,NewMedia,17101,280.97684,831309347175,0.53107,0.40240,280.76321,0.21362,405,1,0.53139,0.50071,0,2.13988,0.34952,0,,0.29123,0.29224,11.97555,1.09510,0,0.62836,0.28500,13.43540,1.09154,0,108,0.00000,25,
0,NewMedia,17173,282.15967,831313035228,0.54035,0.38108,281.38757,0.77209,406,1,0.60385,0.27571,1,2.13988,0.34952,0,,0.29707,0.28744,17.71245,1.07340,1,0.63275,0.28164,15.46400,1.06148,1,0,0.00000,25,
0,NewMedia,17213,282.81793,831315087646,0.59649,0.30667,282.17606,0.64188,407,1,0.64645,0.33579,1,2.13988,0.34952,0,,0.29858,0.28593,16.94265,1.04066,1,0.63461,0.28270,15.51644,1.03732,1,0,0.00000,25,
0,NewMedia,17233,283.14542,831316108724,0.59860,0.33854,282.83350,0.31192,408,1,0.52851,0.36928,1,2.13988,0.34952,0,,0.29531,0.28963,17.58710,1.04999,1,0.63225,0.28490,15.78501,1.04199,1,0,0.00000,25,
0,NewMedia,17302,284.27902,831319643292,0.53927,0.37411,283.16205,1.11697,409,1,0.52759,0.30340,1,2.13988,0.34952,0,,0.30481,0.28086,16.07996,1.04066,1,0.64125,0.28601,15.85088,1.03266,1,0,0.00000,25,
0,NewMedia,17335,284.82111,831321333489,0.53963,0.33001,284.29532,0.52579,410,1,0.54241,0.37995,1,2.13988,0.34952,0,,0.30317,0.27988,16.99871,1.02666,1,0.64003,0.28555,14.79964,1.02332,1,0,0.00000,25,
0,NewMedia,17408,286.02039,831325072727,0.54515,0.36905,284.83752,1.18286,411,1,0.42671,0.58957,1,2.13988,0.34952,0,,0.32837,0.26665,10.19717,1.03653,1,0.66660,0.28398,11.43476,1.03764,1,0,0.00000,24,
0,NewMedia,17481,287.21970,831328812149,0.53673,0.38856,286.62820,0.59149,412,1,0.51207,0.35901,1,2.13988,0.34952,0,,0.32598,0.26532,14.92256,1.03297,1,0.66378,0.27899,14.22011,1.02964,1,0,0.00000,25,
0,NewMedia,17514,287.76181,831330502476,0.55898,0.33691,287.23605,0.52576,413,1,0.59582,0.42415,1,2.13988,0.34952,0,,0.32550,0.26471,15.70828,1.02666,1,0.66368,0.28154,15.32651,1.02332,1,0,0.00000,24,
0,NewMedia,17584,288.91183,831334088203,0.58085,0.41732,287.77863,1.13321,414,1,0.52301,0.39010,1,2.13988,0.34952,0,,0.30896,0.27248,15.92426,1.00666,1,0.64649,0.28230,15.18294,1.00332,1,0,0.00000,24,
0,NewMedia,17599,289.15820,831334856313,0.53265,0.39926,288.92834,0.22986,415,1,0.50461,0.48745,0,2.13988,0.34952,0,,0.30574,0.27578,13.68358,1.02666,0,0.64398,0.27986,13.25453,1.02332,0,110,0.00000,24,
0,NewMedia,17663,290.20972,831338134926,0.54338,0.40665,289.51965,0.69006,416,1,0.57822,0.40974,1,2.13988,0.34952,0,,0.30028,0.27677,16.14995,0.98195,1,0.63816,0.27945,15.65575,0.98273,1,0,0.00000,24,
0,NewMedia,17681,290.50549,831339057111,0.51953,0.43241,290.22601,0.27948,417,1,0.47282,0.44214,1,2.13988,0.34952,0,,0.29722,0.27729,15.92354,1.03555,1,0.63563,0.27857,15.01182,1.03666,1,0,0.00000,24,
0,NewMedia,17731,291.32663,831341617409,0.47944,0.38703,290.52185,0.80478,418,1,0.52808,0.37589,1,2.13988,0.34952,0,,0.29921,0.27474,16.03883,1.02666,1,0.63754,0.27919,15.13348,1.02332,1,0,0.00000,24,
0,NewMedia,17824,292.85464,831346381713,0.53235,0.37833,291.34329,1.51135,419,1,0.53709,0.32645,1,2.13988,0.34952,0,,0.30588,0.27263,15.38034,1.02666,1,0.64416,0.28142,14.86527,1.02332,1,0,0.00000,23,
0,NewMedia,17841,293.13425,831347253447,0.57247,0.31057,292.87112,0.26312,420,1,0.58758,0.26306,1,2.13988,0.34952,0,,0.30819,0.26776,16.50387,1.07298,1,0.64583,0.27858,15.17678,1.07377,1,0,0.00000,23,
0,NewMedia,17893,293.98819,831349916059,0.59491,0.29093,293.15042,0.83777,421,1,0.60083,0.24632,1,2.13988,0.34952,0,,0.30993,0.26679,16.98999,1.05466,1,0.64719,0.27983,16.38182,1.04666,1,0,0.00000,22,
0,NewMedia,17902,294.13614,831350377345,0.59009,0.29699,294.00513,0.13101,422,1,0.58765,0.44598,0,2.13988,0.34952,0,,0.30944,0.26937,12.05428,1.06399,0,0.64746,0.27990,14.42778,1.05599,0,111,0.00000,22,
0,NewMedia,17943,294.80975,831352477625,0.52848,0.40883,294.54666,0.26309,423,1,0.52654,0.59695,0,2.13988,0.34952,0,,0.30973,0.27459,8.60849,1.02273,0,0.64647,0.28923,7.87886,1.01940,0,0,0.00000,23,
0,NewMedia,18005,295.82828,831355653373,0.54379,0.39508,295.27255,0.55573,424,1,0.52317,0.37529,1,2.13988,0.34952,0,,0.31110,0.26665,15.32048,1.03242,1,0.64877,0.28355,14.04805,1.03321,1,0,0.00000,23,
0,NewMedia,18060,296.73184,831358470636,0.48666,0.40252,295.84476,0.88708,425,1,0.48230,0.37113,1,2.13988,0.34952,0,,0.31071,0.26689,15.86900,1.02666,1,0.64855,0.28322,14.70852,1.02332,1,0,0.00000,22,
0,NewMedia,18154,298.27615,831363285705,0.54381,0.38067,296.74814,1.52802,426,1,0.50505,0.33782,1,2.13988,0.34952,0,,0.31259,0.26629,15.31323,1.04066,1,0.64984,0.28312,14.67482,1.03732,1,0,0.00000,21,
0,NewMedia,18170,298.53885,831364104834,0.49136,0.40607,298.29276,0.24609,427,1,0.47854,0.45605,1,2.13988,0.34952,0,,0.31137,0.26779,14.88448,0.99372,1,0.64827,0.28504,14.43526,0.99450,1,0,0.00000,21,
0,NewMedia,18213,299.24609,831366309981,0.49168,0.41839,298.55536,0.69073,428,1,0.50223,0.37163,1,2.13988,0.34952,0,,0.31267,0.26616,15.95363,1.03587,1,0.64971,0.28326,14.72978,1.03666,1,0,0.00000,21,
0,NewMedia,18309,300.82242,831371224893,0.54957,0.37993,299.26172,1.56070,429,1,0.59444,0.31063,1,2.13988,0.34952,0,,0.31474,0.26393,16.48555,1.03132,1,0.65152,0.28071,14.63593,1.02799,1,0,0.00000,20,
0,NewMedia,18353,301.54550,831373479448,0.54585,0.35496,300.83957,0.70593,430,1,0.51780,0.35299,1,2.13988,0.34952,0,,0.31303,0.26568,16.50179,1.02666,1,0.65001,0.28278,15.05514,1.02332,1,0,0.00000,20,
0,NewMedia,18381,302.00528,831374912976,0.53353,0.36920,301.56183,0.44345,431,1,0.57491,0.37338,1,2.13988,0.34952,0,,0.31354,0.26620,16.30453,1.03587,1,0.65111,0.28339,14.91677,1.03698,1,0,0.00000,20,
0,NewMedia,18471,303.48401,831379523580,0.53129,0.39290,302.02176,1.46225,432,1,0.57129,0.41467,1,2.13988,0.34952,0,,0.31193,0.26772,16.00393,1.02254,1,0.64911,0.28507,14.41970,1.01921,1,0,0.00000,19,
0,NewMedia,18509,304.10812,831381469563,0.54221,0.44491,303.50040,0.60773,433,1,0.49937,0.47986,1,2.13988,0.34952,0,,0.31277,0.26948,15.31830,1.00705,1,0.64966,0.28683,13.46195,0.99979,1,0,0.00000,18,
0,NewMedia,18545,304.69958,831383313744,0.52266,0.44356,304.12460,0.57498,434,1,0.52401,0.37631,1,2.13988,0.34952,0,,0.31320,0.26794,14.67918,1.03599,1,0.65018,0.28517,13.11454,1.02799,1,0,0.00000,18,
0,NewMedia,18555,304.86420,831383826993,0.52691,0.42110,304.71600,0.14819,435,1,0.53600,0.48360,0,2.13988,0.34952,0,,0.31214,0.27026,12.96643,1.02666,0,0.64973,0.28638,12.05725,1.02332,0,112,0.00000,18,
0,NewMedia,18632,306.12903,831387770690,0.54803,0.40207,305.17584,0.95319,436,1,0.58097,0.29817,1,2.13988,0.34952,0,,0.31416,0.26464,15.49973,1.01430,1,0.65095,0.28277,14.41835,1.01097,1,0,0.00000,18,
0,NewMedia,18720,307.57455,831392277730,0.59887,0.31906,306.14542,1.42914,437,1,0.58561,0.27489,1,2.13988,0.34952,0,,0.31442,0.26311,17.01407,1.05521,1,0.65094,0.28202,15.59984,1.05599,1,0,0.00000,18,
0,NewMedia,18732,307.77167,831392892367,0.58002,0.27972,307.59113,0.18054,438,1,0.58661,0.28566,0,2.13988,0.34952,0,,0.31442,0.26402,16.01343,1.04532,0,0.65100,0.28253,14.79939,1.03732,0,113,0.00000,18,
0,NewMedia,18804,308.95453,831396580422,0.54584,0.37218,308.08389,0.87064,439,1,0.55384,0.40611,1,2.13988,0.34952,0,,0.31228,0.26743,15.91354,1.01485,1,0.64954,0.28564,15.00483,1.02008,1,0,0.00000,19,
0,NewMedia,18838,309.51312,831398322119,0.54640,0.37304,308.97104,0.54208,440,1,0.54187,0.29820,1,2.13988,0.34952,0,,0.31189,0.26443,16.06687,0.99372,1,0.64800,0.28192,14.90765,0.99450,1,0,0.00000,18,
0,NewMedia,18873,310.08826,831400115339,0.54382,0.28613,309.52963,0.55862,441,1,0.55074,0.27000,1,2.13988,0.34952,0,,0.31359,0.26433,16.00147,1.01485,1,0.64957,0.28329,14.44946,1.00685,1,0,0.00000,18,
0,NewMedia,18894,310.43402,831401193414,0.55789,0.27718,310.10474,0.32928,442,1,0.53970,0.34058,0,2.13988,0.34952,0,,0.31451,0.26489,13.91655,0.99372,0,0.65056,0.28474,13.06866,0.99450,0,114,0.00000,18,
0,NewMedia,18990,312.01031,831406108290,0.53878,0.37667,310.74512,1.26520,443,1,0.51835,0.34380,1,2.13988,0.34952,0,,0.30849,0.25816,17.27973,1.01897,1,0.64583,0.27929,15.78107,1.01172,1,0,0.00000,18,
0,NewMedia,19036,312.76608,831408464760,0.53600,0.34539,312.02679,0.73929,444,1,0.50732,0.53052,1,2.13988,0.34952,0,,0.30822,0.25949,16.37019,1.01654,1,0.64568,0.27890,15.06640,1.01732,1,0,0.00000,18,
0,NewMedia,19151,314.65530,831414355236,0.54114,0.37633,313.17667,1.47864,445,1,0.54057,0.32216,1,2.13988,0.34952,0,,0.30821,0.25945,17.08155,1.03858,1,0.64483,0.28046,15.07075,1.03936,1,0,0.00000,18,
0,NewMedia,19184,315.19748,831416045746,0.54176,0.35230,314.67166,0.52582,446,1,0.56728,0.38750,1,2.13988,0.34952,0,,0.30916,0.26177,17.99820,1.02666,1,0.64607,0.28099,16.31552,1.02332,1,0,0.00000,18,
0,NewMedia,19209,315.60825,831417326467,0.53440,0.38828,315.21393,0.39432,447,1,0.50518,0.54884,0,2.13988,0.34952,0,,0.30944,0.26875,10.09563,1.01019,0,0.64662,0.28393,10.81456,1.01097,0,116,0.00000,18,
0,NewMedia,19325,317.51389,831423268138,0.53189,0.40921,315.96988,1.54401,448,1,0.54593,0.36472,1,2.13988,0.34952,0,,0.31062,0.26090,15.91559,0.97411,1,0.64775,0.28149,14.60599,0.97489,1,0,0.00000,17,
0,NewMedia,19373,318.30252,831425727100,0.52672,0.36654,317.53024,0.77228,449,1,0.49697,0.60597,0,2.13988,0.34952,0,,0.31017,0.26413,12.19553,1.03599,0,0.64772,0.28389,10.51474,1.02799,0,117,0.00000,17,
0,NewMedia,19452,319.60165,831429777779,0.54722,0.38366,318.76257,0.83908,450,1,0.55550,0.41140,1,2.13988,0.34952,0,,0.31344,0.26344,15.28974,1.00626,1,0.65047,0.28444,14.19661,1.00293,1,0,0.00000,17,
0,NewMedia,19479,320.04370,831431155988,0.56857,0.37329,319.61691,0.42679,451,1,0.59656,0.43666,1,2.13988,0.34952,0,,0.31504,0.26454,15.52266,1.02666,1,0.65249,0.28603,15.36263,1.02332,1,0,0.00000,17,
0,NewMedia,19544,321.11166,831434485881,0.59360,0.43524,320.06033,1.05133,452,1,0.55253,0.66855,1,2.13988,0.34952,0,,0.31478,0.26864,10.20091,1.00195,1,0.65203,0.28622,12.37099,0.99862,1,0,0.00000,17,
0,NewMedia,19586,321.80170,831436637355,0.58499,0.43261,321.47314,0.32855,453,1,0.58488,0.40762,1,2.13988,0.34952,0,,0.31505,0.26358,16.66658,1.01430,1,0.65205,0.28463,15.37573,1.01097,1,0,0.00000,18,
0,NewMedia,19646,322.78735,831439710670,0.58455,0.42228,321.81818,0.96918,454,1,0.45110,0.31656,1,2.13988,0.34952,0,,0.31112,0.25961,16.88693,1.00358,1,0.64792,0.28130,16.04542,0.99633,1,0,0.00000,18,
0,NewMedia,19664,323.08310,831440632739,0.50934,0.38121,322.85312,0.22998,455,1,0.54799,0.40414,1,2.13988,0.34952,0,,0.31386,0.26261,15.25902,1.02666,1,0.65054,0.28431,14.51124,1.02332,1,0,0.00000,18,
0,NewMedia,19679,323.32956,831441401174,0.54665,0.40861,323.09949,0.23007,456,1,0.52011,0.48576,0,2.13988,0.34952,0,,0.31335,0.26629,10.74186,1.02666,0,0.65033,0.28641,12.10587,1.02332,0,119,0.00000,17,
0,NewMedia,19770,324.82458,831446062628,0.53754,0.38444,323.69101,1.13358,457,1,0.50150,0.39336,1,2.13988,0.34952,0,,0.31364,0.26166,16.29601,1.02254,1,0.65020,0.28341,14.26460,1.02332,1,0,0.00000,18,
0,NewMedia,19801,325.33374,831447650192,0.55384,0.36343,324.84091,0.49283,458,1,0.51015,0.62762,0,2.13988,0.34952,0,,0.31351,0.26715,8.96878,1.02666,0,0.65170,0.28555,12.48330,1.02332,0,120,0.00000,18,
0,NewMedia,19854,326.20456,831450365348,0.54343,0.39007,325.69516,0.50940,459,1,0.53553,0.43657,1,2.13988,0.34952,0,,0.31458,0.26227,16.29798,0.98195,1,0.65145,0.28509,14.87803,0.98273,1,0,0.00000,19,
0,NewMedia,19881,326.64807,831451748188,0.54566,0.41485,326.22095,0.42712,460,1,0.56561,0.39235,1,2.13988,0.34952,0,,0.31485,0.26178,16.30564,1.02666,1,0.65166,0.28463,14.47923,1.02332,1,0,0.00000,19,
0,NewMedia,19906,327.05878,831453028726,0.55770,0.34966,326.66568,0.39310,461,1,0.53919,0.31199,1,2.13988,0.34952,0,,0.31484,0.25751,16.39016,1.02666,1,0.65102,0.28079,14.99220,1.02332,1,0,0.00000,18,
0,NewMedia,19948,327.74884,831455180359,0.55072,0.26446,327.07532,0.67352,462,1,0.54688,0.29338,1,2.13988,0.34952,0,,0.31452,0.25856,15.92243,0.97019,1,0.65023,0.28124,14.31427,0.97097,1,0,0.00000,18,
0,NewMedia,19991,328.45526,831457382932,0.55470,0.27240,327.76529,0.68997,463,1,0.57648,0.29392,1,2.13988,0.34952,0,,0.31488,0.26118,17.03860,1.03599,1,0.65106,0.28437,15.41616,1.02799,1,0,0.00000,18,
0,NewMedia,20010,328.76736,831458356023,0.55616,0.33894,328.47202,0.29535,464,1,0.55296,0.41057,0,2.13988,0.34952,0,,0.31412,0.26523,12.15586,1.01489,0,0.65135,0.28534,12.83793,1.00764,0,121,0.00000,17,
0,NewMedia,20051,329.44104,831460456506,0.56713,0.35362,329.12885,0.31219,465,1,0.88245,0.02580,1,2.13988,0.34952,0,,0.32575,0.25146,16.00881,1.02666,1,0.65907,0.27649,14.41016,1.02332,1,0,0.00000,18,
0,NewMedia,20077,329.86810,831461788103,0.83626,0.09004,329.50662,0.36148,466,1,0.83282,0.13667,1,2.13988,0.34952,0,,0.32450,0.25338,15.91846,0.97842,1,0.65894,0.27705,13.82738,0.97921,1,0,0.00000,18,
0,NewMedia,20120,330.57449,831463990626,0.54164,0.37999,329.93393,0.64056,467,1,0.60207,0.41903,1,2.13988,0.34952,0,,0.31632,0.26355,15.11363,1.02666,1,0.65274,0.28674,13.79763,1.02332,1,0,0.00000,18,
0,NewMedia,20192,331.75732,831467678587,0.59214,0.40965,330.59119,1.16614,468,1,0.52217,0.62536,1,2.13988,0.34952,0,,0.31574,0.26724,11.20022,1.02666,1,0.65348,0.28720,14.05403,1.02332,1,0,0.00000,17,
0,NewMedia,20265,332.95670,831471418162,0.54240,0.36618,332.16803,0.78867,469,1,0.54425,0.40046,1,2.13988,0.34952,0,,0.31456,0.26248,15.91337,0.97430,1,0.65186,0.28543,14.26746,0.97509,1,0,0.00000,18,
0,NewMedia,20300,333.53189,831473211669,0.54783,0.38775,332.97302,0.55887,470,1,0.57458,0.48123,1,2.13988,0.34952,0,,0.31767,0.26463,15.65011,1.03599,1,0.65442,0.28842,15.19467,1.02799,1,0,0.00000,18,
0,NewMedia,20335,334.10703,831475004845,0.59415,0.43732,333.54874,0.55829,471,1,0.56986,0.49128,1,2.13988,0.34952,0,,0.31675,0.26475,14.68561,1.03242,1,0.65378,0.28725,15.44251,1.02909,1,0,0.00000,17,
0,NewMedia,20376,334.78012,831477103537,0.77039,0.84600,334.46805,0.31207,472,1,0.64971,0.64769,1,2.13988,0.34952,0,,0.32288,0.26702,13.42119,0.98215,1,0.65782,0.29150,13.94754,0.97881,1,0,0.00000,18,
0,NewMedia,20396,335.10873,831478128208,0.65294,0.35794,334.84589,0.26285,473,1,2.04269,0.10436,0,2.13988,0.34952,0,,0.33130,0.26156,14.86352,1.03555,0,0.65424,0.28258,15.47391,1.03221,0,124,0.00000,18,
0,NewMedia,20486,336.58972,831482745839,0.54569,0.35238,335.66724,0.92249,474,1,0.52664,0.34303,1,2.13988,0.34952,0,,0.31328,0.26424,18.98582,1.02666,1,0.65130,0.28151,17.31721,1.02332,1,0,0.00000,18,
0,NewMedia,20525,337.22809,831484736236,0.52913,0.36560,336.60394,0.62415,475,1,0.53697,0.41672,1,2.13988,0.34952,0,,0.31504,0.26671,17.86670,1.02889,1,0.65293,0.28465,16.53673,1.02556,1,0,0.00000,18,
0,NewMedia,20611,338.64099,831489141605,0.52599,0.38420,337.68805,0.95294,476,1,0.51329,0.29584,1,2.13988,0.34952,0,,0.31249,0.26124,17.69318,1.05466,1,0.64931,0.27930,16.20556,1.04666,1,0,0.00000,18,
0,NewMedia,20663,339.49585,831491807044,0.45831,0.28135,338.65729,0.83856,477,1,0.44843,0.26168,1,2.13988,0.34952,0,,0.31421,0.26038,18.03352,1.02666,1,0.65031,0.28058,16.84226,1.02332,1,0,0.00000,18,
0,NewMedia,20673,339.65939,831492316924,0.45801,0.33419,339.51166,0.14774,478,1,0.47759,0.41491,0,2.13988,0.34952,0,,0.31353,0.26745,9.41017,0.99783,0,0.65128,0.28827,9.61633,0.99450,0,126,0.00000,18,
0,NewMedia,20702,340.13589,831493802642,0.27879,0.12340,339.92227,0.21362,479,1,0.52105,0.40258,1,2.13988,0.34952,0,,0.31963,0.25874,16.89034,0.98685,1,0.65455,0.27989,15.54596,0.97960,1,0,0.00000,19,
0,NewMedia,20733,340.64520,831495390669,0.53167,0.38340,340.20172,0.44348,480,1,0.50240,0.42032,0,2.13988,0.34952,0,,0.31963,0.26263,14.03285,1.04121,0,0.65592,0.28442,13.23006,1.04199,0,127,0.00000,19,
0,NewMedia,20828,342.20593,831500256928,0.53870,0.36291,340.90802,1.29791,481,1,0.54658,0.51655,1,2.13988,0.34952,0,,0.31369,0.26684,16.56758,1.00607,1,0.65202,0.28387,16.52491,1.00685,1,0,0.00000,19,
0,NewMedia,20863,342.78091,831502049695,0.78859,0.15618,342.56735,0.21356,482,1,0.53695,0.38728,1,2.13988,0.34952,0,,0.31591,0.26752,16.64408,1.00443,1,0.65193,0.28590,15.75397,1.00110,1,0,0.00000,20,
0,NewMedia,20942,344.07874,831506096252,0.53294,0.38191,342.84659,1.23215,483,1,0.54634,0.41678,1,2.13988,0.34952,0,,0.31498,0.26847,16.44145,1.03555,1,0.65239,0.28978,15.51511,1.03221,1,0,0.00000,20,
0,NewMedia,20981,344.71942,831508093921,0.54336,0.44006,344.09518,0.62424,484,1,0.53244,0.52146,1,2.13988,0.34952,0,,0.31584,0.27099,18.19183,1.03253,1,0.65340,0.29097,16.05455,1.02897,1,0,0.00000,20,
0,NewMedia,21002,345.06503,831509171529,0.53019,0.49757,344.73657,0.32846,485,1,0.55219,0.43972,1,2.13988,0.34952,0,,0.31634,0.26872,18.02755,1.00607,1,0.65355,0.28870,16.58739,1.00685,1,0,0.00000,20,
0,NewMedia,21031,345.54327,831510662666,0.54828,0.46073,345.08093,0.46234,486,1,0.57086,0.54875,1,2.13988,0.34952,0,,0.31612,0.27216,17.60475,1.04066,1,0.65309,0.29237,15.81016,1.03732,1,0,0.00000,20,
0,NewMedia,21043,345.73807,831511269985,0.53031,0.56403,345.55728,0.18079,487,1,0.50485,0.68511,0,2.13988,0.34952,0,,0.31628,0.27417,11.25982,1.04999,0,0.65390,0.29149,15.05841,1.04666,0,129,0.00000,20,
0,NewMedia,21154,347.56165,831516955862,0.53754,0.38589,346.39514,1.16650,488,1,0.47380,0.31508,1,2.13988,0.34952,0,,0.31715,0.26034,15.58743,1.00607,1,0.65294,0.28462,15.22345,1.00273,1,0,0.00000,20,
0,NewMedia,21259,349.31952,831522436809,0.49115,0.31742,347.57800,1.74152,489,1,0.45464,0.40847,0,2.14226,0.58667,0,,0.31600,0.26767,14.19937,1.03999,0,0.65333,0.28909,15.33357,1.04110,0,130,0.00000,20,
0,NewMedia,21358,350.94580,831527507515,0.63931,0.47369,349.53293,1.41287,490,1,0.63892,0.49536,1,1.60952,0.10000,0,,0.32479,0.26760,19.19298,1.04510,1,0.66188,0.29418,18.79981,1.04177,1,0,0.00000,20,
0,NewMedia,21396,351.57019,831529454272,0.56209,1.12698,351.30746,0.26273,491,1,0.75541,0.88833,1,1.54524,0.22095,0,,0.33388,0.27742,16.93388,1.06554,1,0.66751,0.30678,15.88357,1.06221,1,0,0.00000,21,
0,NewMedia,21409,351.78369,831530120001,0.80465,0.75870,351.63669,0.14700,492,1,0.81861,0.73073,1,1.54524,0.22095,0,,0.33131,0.27634,20.64287,1.02254,1,0.66709,0.30386,19.85495,1.02332,1,0,0.00000,21,